id,subject,predicate,object,relation,knowledge_source,meta,primary_knowledge_source,primary_knowledge_source.1
urn:uuid:9cda3e1c-205f-4e1c-902a-1ff690415d8e,EC:3.5.1.5,biolink:consumes,CHEBI:16199,RO:0000056,Graph,,bacdive_mappings.tsv,
urn:uuid:ec63e26a-51dc-41a9-8db2-ef4ce9d07c2d,EC:3.5.1.5,biolink:is_assessed_by,assay:API_20NE_URE,NCIT:C153110,Graph,,bacdive_mappings.tsv,
urn:uuid:e8ea07d9-6e1b-4f6d-a6e1-0820f7274f60,EC:3.5.1.5,biolink:is_assessed_by,assay:API_coryne_URE,NCIT:C153110,Graph,,bacdive_mappings.tsv,
urn:uuid:c4ec5781-572c-48ef-afb2-8a542609fbbe,CHEBI:16199,biolink:occurs_in,assay:API_20NE_URE,RO:0000056,Graph,,bacdive_mappings.tsv,
urn:uuid:78711cce-3a6c-402d-a9fe-382dda5afe49,CHEBI:16199,biolink:occurs_in,assay:API_coryne_URE,RO:0000056,Graph,,bacdive_mappings.tsv,
urn:uuid:7f5d3695-6d92-4b37-a687-642336f7f7fd,CHEBI:17634,biolink:occurs_in,assay:API_coryne_GLU,RO:0000056,Graph,,bacdive_mappings.tsv,
urn:uuid:850bec47-8813-496b-b260-635cb80f99c3,CHEBI:17634,biolink:occurs_in,assay:API_20NE_GLU_ Assim,RO:0000056,Graph,,bacdive_mappings.tsv,
urn:uuid:43c37923-cc47-4b3e-97a2-fcfbcfe399d5,CHEBI:17992,biolink:occurs_in,assay:API_coryne_SAC,RO:0000056,Graph,,bacdive_mappings.tsv,
urn:uuid:09bf9718-0139-4386-8f5b-5839a76f9eb3,CHEBI:17306,biolink:occurs_in,assay:API_coryne_MAL,RO:0000056,Graph,,bacdive_mappings.tsv,
urn:uuid:4b1e4632-60e3-40f6-ab8c-6738c1ac51c4,CHEBI:17306,biolink:occurs_in,assay:API_20NE_MAL,RO:0000056,Graph,,bacdive_mappings.tsv,
urn:uuid:aa9fb002-a66c-46b6-b085-b33514aa3eed,CHEBI:16024,biolink:occurs_in,assay:API_20NE_MNE,RO:0000056,Graph,,bacdive_mappings.tsv,
urn:uuid:4834c372-6208-4bb0-b172-eace5101a8c8,EC:1.11.1.6,biolink:is_assessed_by,assay:API_coryne_CAT,NCIT:C153110,Graph,,bacdive_mappings.tsv,
urn:uuid:712dca46-700e-43e1-9f8f-1bf506c263b4,CHEBI:16988,biolink:occurs_in,assay:API_coryne_RIB,RO:0000056,Graph,,bacdive_mappings.tsv,
urn:uuid:be91c325-e16c-40b4-a7d3-59cd27e3f994,EC:3.5.1.B15,biolink:is_assessed_by,assay:API_coryne_PYZ,NCIT:C153110,Graph,,bacdive_mappings.tsv,
urn:uuid:dff042a0-589f-43a9-bdb8-389d6fb97052,isolation_source:host,biolink:location_of,strain:bacdive_10825,RO:0001015,Graph,,bacdive,
urn:uuid:62232f01-0721-4eb7-aaa8-b78f00249325,isolation_source:host,biolink:location_of,NCBITaxon:945550,RO:0001015,Graph,,bacdive,
urn:uuid:c3753191-a4c0-4013-a975-504fcc4d2761,isolation_source:host,biolink:location_of,NCBITaxon:580033,RO:0001015,Graph,,bacdive,
urn:uuid:5d4fbff8-4363-43b7-b6fa-561db01a96c8,isolation_source:host,biolink:location_of,strain:bacdive_158604,RO:0001015,Graph,,bacdive,
urn:uuid:984dc4ea-8b60-4e80-8653-57fa129bdddc,isolation_source:host,biolink:location_of,strain:bacdive_141075,RO:0001015,Graph,,bacdive,
urn:uuid:a357c741-ba1c-48d4-a247-75440457896f,isolation_source:host,biolink:location_of,strain:bacdive_8164,RO:0001015,Graph,,bacdive,
urn:uuid:88bc1800-42f7-4699-bf7e-c8ac8e345f70,isolation_source:host,biolink:location_of,NCBITaxon:1591105,RO:0001015,Graph,,bacdive,
urn:uuid:9a4b0ab2-e734-45b5-9d37-f0098b40bc69,isolation_source:host,biolink:location_of,strain:bacdive_14741,RO:0001015,Graph,,bacdive,
urn:uuid:b98795e7-ef19-4ffd-8853-878e51fcc803,isolation_source:host,biolink:location_of,NCBITaxon:1718,RO:0001015,Graph,,bacdive,
urn:uuid:d873711e-e809-43aa-9289-a4b15791512d,isolation_source:host,biolink:location_of,strain:bacdive_1768,RO:0001015,Graph,,bacdive,
urn:uuid:8eb4d7ab-ae0c-406b-ac2a-c48dcd5590ac,isolation_source:host,biolink:location_of,NCBITaxon:56426,RO:0001015,Graph,,bacdive,
urn:uuid:ff6e9ac0-39f4-4079-a444-dbd6ffca49d6,isolation_source:host,biolink:location_of,strain:bacdive_140861,RO:0001015,Graph,,bacdive,
urn:uuid:ee842920-b874-445b-965a-7b365c6d477c,isolation_source:host,biolink:location_of,strain:bacdive_3080,RO:0001015,Graph,,bacdive,
urn:uuid:aa42aa7e-c3c1-44d6-bd3a-b3fe06cc72ad,isolation_source:host,biolink:location_of,NCBITaxon:1123299,RO:0001015,Graph,,bacdive,
urn:uuid:52c673ab-b425-4447-a8ac-3983a335669e,isolation_source:host,biolink:location_of,NCBITaxon:394090,RO:0001015,Graph,,bacdive,
urn:uuid:5cb6889b-433b-47c5-aec4-c8a8f13fd69a,isolation_source:host,biolink:location_of,NCBITaxon:1006155,RO:0001015,Graph,,bacdive,
urn:uuid:f9d3f892-95a8-497c-9707-b8029843dfc3,isolation_source:host,biolink:location_of,strain:bacdive_131290,RO:0001015,Graph,,bacdive,
urn:uuid:7002d047-62ec-4cff-8e5e-c33754891971,isolation_source:host,biolink:location_of,strain:bacdive_12522,RO:0001015,Graph,,bacdive,
urn:uuid:80bcf96e-954c-4bdf-ae90-494c883dd2f5,isolation_source:host,biolink:location_of,strain:bacdive_14793,RO:0001015,Graph,,bacdive,
urn:uuid:743c4381-a2c3-4264-ac4c-13cbfb97b7a2,isolation_source:engineered,biolink:location_of,strain:bacdive_5705,RO:0001015,Graph,,bacdive,
urn:uuid:bd20205b-9fd7-48be-b5de-604d3bc5731d,isolation_source:engineered,biolink:location_of,strain:bacdive_14301,RO:0001015,Graph,,bacdive,
urn:uuid:5decbbc2-6ca5-4cb7-aeaa-7664479b654a,isolation_source:engineered,biolink:location_of,NCBITaxon:374858,RO:0001015,Graph,,bacdive,
urn:uuid:eda9f17d-a012-4b64-ad7f-edbcf2c42d6f,isolation_source:engineered,biolink:location_of,NCBITaxon:69666,RO:0001015,Graph,,bacdive,
urn:uuid:4e88c6c0-b8e5-4c90-b92e-aa5219643e73,isolation_source:engineered,biolink:location_of,NCBITaxon:2164084,RO:0001015,Graph,,bacdive,
urn:uuid:09807db6-059d-47c6-9c2d-288fb27c1643,isolation_source:engineered,biolink:location_of,strain:bacdive_12645,RO:0001015,Graph,,bacdive,
urn:uuid:e07fb0ed-e730-468d-a308-814abd509d98,isolation_source:engineered,biolink:location_of,strain:bacdive_133744,RO:0001015,Graph,,bacdive,
urn:uuid:cf51e66a-2df2-420d-b4d5-ae0cc7b1d331,isolation_source:engineered,biolink:location_of,strain:bacdive_13916,RO:0001015,Graph,,bacdive,
urn:uuid:6daf1fdc-df06-4ad3-8a1b-bc79b5c409e8,isolation_source:engineered,biolink:location_of,NCBITaxon:2051041,RO:0001015,Graph,,bacdive,
urn:uuid:e603a118-bc85-470e-b08b-c5c737bdfdea,isolation_source:engineered,biolink:location_of,NCBITaxon:394090,RO:0001015,Graph,,bacdive,
urn:uuid:b8369d3c-f9c8-454a-9930-dbfc31470cf9,isolation_source:engineered,biolink:location_of,NCBITaxon:1129133,RO:0001015,Graph,,bacdive,
urn:uuid:a17a3d18-465e-4e62-b5f3-b10161ecb04b,isolation_source:engineered,biolink:location_of,NCBITaxon:1718,RO:0001015,Graph,,bacdive,
urn:uuid:7be591c1-5517-4650-992f-6accad04c268,isolation_source:engineered,biolink:location_of,NCBITaxon:481719,RO:0001015,Graph,,bacdive,
urn:uuid:c5a0e626-f002-408a-881e-2941007f5ed6,isolation_source:engineered,biolink:location_of,NCBITaxon:196627,RO:0001015,Graph,,bacdive,
urn:uuid:3674d483-d978-4881-97f9-68d4dbd3fe87,isolation_source:engineered,biolink:location_of,NCBITaxon:1077946,RO:0001015,Graph,,bacdive,
urn:uuid:9da459a3-7ee8-488d-a755-7ac4f60a5638,isolation_source:engineered,biolink:location_of,NCBITaxon:157227,RO:0001015,Graph,,bacdive,
urn:uuid:b9ed9f57-2237-4177-bf58-de61da39960b,isolation_source:engineered,biolink:location_of,strain:bacdive_132931,RO:0001015,Graph,,bacdive,
urn:uuid:351aae7f-5a56-40cb-ba32-d57a134c70d7,isolation_source:engineered,biolink:location_of,NCBITaxon:1591105,RO:0001015,Graph,,bacdive,
urn:uuid:dbbf3eaf-fc84-4f70-9d7c-a5b528012550,isolation_source:engineered,biolink:location_of,NCBITaxon:857227,RO:0001015,Graph,,bacdive,
urn:uuid:4611d91d-10b9-434d-beb6-e8c4435950cb,isolation_source:microbial,biolink:location_of,NCBITaxon:1718,RO:0001015,Graph,,bacdive,
urn:uuid:48004779-d1b9-4791-b845-5a08dfb155ea,isolation_source:environmental,biolink:location_of,NCBITaxon:1718,RO:0001015,Graph,,bacdive,
urn:uuid:4df021bb-b563-41cf-a033-8dd6835e22d9,isolation_source:environmental,biolink:location_of,NCBITaxon:1121457,RO:0001015,Graph,,bacdive,
urn:uuid:3978a2b0-59d2-4535-9bed-71b9e83b8dc1,isolation_source:environmental,biolink:location_of,strain:bacdive_11914,RO:0001015,Graph,,bacdive,
urn:uuid:ea24f1c5-099f-40d0-8d5f-5c5c4c3b3114,isolation_source:environmental,biolink:location_of,NCBITaxon:1495,RO:0001015,Graph,,bacdive,
urn:uuid:df4aef2c-4ba1-4f0d-a7b8-82aaad9ef3d9,isolation_source:environmental,biolink:location_of,strain:bacdive_14301,RO:0001015,Graph,,bacdive,
urn:uuid:e8dc497c-24ca-4f20-bfd2-2dcaad42387b,isolation_source:environmental,biolink:location_of,NCBITaxon:2051041,RO:0001015,Graph,,bacdive,
urn:uuid:17c32374-f306-4dc4-b7fb-44ac8e13741c,isolation_source:environmental,biolink:location_of,NCBITaxon:394090,RO:0001015,Graph,,bacdive,
urn:uuid:58751551-e6da-4dd6-9b97-a64c09ca4f30,isolation_source:environmental,biolink:location_of,strain:bacdive_2614,RO:0001015,Graph,,bacdive,
urn:uuid:1c9b4853-f6d6-40f5-9120-b8ee27d49f5c,isolation_source:environmental,biolink:location_of,strain:bacdive_5705,RO:0001015,Graph,,bacdive,
urn:uuid:79d662aa-900b-4d56-8a8c-7f749578d5c2,isolation_source:environmental,biolink:location_of,NCBITaxon:229204,RO:0001015,Graph,,bacdive,
urn:uuid:3139a2ed-234f-4e1b-bfa1-5207875b77d7,isolation_source:environmental,biolink:location_of,NCBITaxon:761193,RO:0001015,Graph,,bacdive,
urn:uuid:cac5560b-1d54-4342-81a8-95e99c60a82c,isolation_source:environmental,biolink:location_of,NCBITaxon:1591105,RO:0001015,Graph,,bacdive,
urn:uuid:3f5cfdc7-1fe5-41e2-a65d-c40700955238,isolation_source:environmental,biolink:location_of,strain:bacdive_24170,RO:0001015,Graph,,bacdive,
urn:uuid:7d2ae6de-2d7f-49f3-9e46-7c58ef1a9acc,isolation_source:environmental,biolink:location_of,strain:bacdive_134347,RO:0001015,Graph,,bacdive,
urn:uuid:1c73b875-7154-42c4-b325-0ea3f7e49970,isolation_source:environmental,biolink:location_of,strain:bacdive_132931,RO:0001015,Graph,,bacdive,
urn:uuid:f33c7481-dccd-4217-b2e3-dae629a3514e,isolation_source:environmental,biolink:location_of,NCBITaxon:1006155,RO:0001015,Graph,,bacdive,
urn:uuid:69076850-bdce-4b10-9985-9ab291a18e2b,isolation_source:environmental,biolink:location_of,NCBITaxon:69666,RO:0001015,Graph,,bacdive,
urn:uuid:45d15edd-7317-4324-b8ab-5e5dc28acdb4,isolation_source:environmental,biolink:location_of,strain:bacdive_133843,RO:0001015,Graph,,bacdive,
urn:uuid:ed4c19df-9b47-44b3-b3a3-ef07f263639b,isolation_source:environmental,biolink:location_of,NCBITaxon:563170,RO:0001015,Graph,,bacdive,
urn:uuid:2f0a5e06-3b67-4902-a8b2-9d166103f30f,isolation_source:environmental,biolink:location_of,strain:bacdive_140861,RO:0001015,Graph,,bacdive,
urn:uuid:17ecbe31-ebd1-4f99-a20c-b0b9d884f0e3,isolation_source:environmental,biolink:location_of,NCBITaxon:857227,RO:0001015,Graph,,bacdive,
urn:uuid:d7042267-29c8-4ed5-a964-b00d2dd5ce88,isolation_source:environmental,biolink:location_of,NCBITaxon:2164084,RO:0001015,Graph,,bacdive,
urn:uuid:e070ea91-4106-411b-85f1-9a12a7749098,isolation_source:environmental,biolink:location_of,NCBITaxon:1129133,RO:0001015,Graph,,bacdive,
urn:uuid:c0256acb-1171-48bf-8690-3542ad046e84,isolation_source:environmental,biolink:location_of,NCBITaxon:47479,RO:0001015,Graph,,bacdive,
urn:uuid:4b7f8cf3-96d1-44ba-b404-0d449345e0bf,isolation_source:environmental,biolink:location_of,NCBITaxon:1526571,RO:0001015,Graph,,bacdive,
urn:uuid:e39db2aa-0bab-44ad-a060-734e47fb5182,isolation_source:environmental,biolink:location_of,NCBITaxon:1077946,RO:0001015,Graph,,bacdive,
urn:uuid:3a6e6f7e-c47d-478a-9859-8779de7a4df2,isolation_source:environmental,biolink:location_of,NCBITaxon:525897,RO:0001015,Graph,,bacdive,
urn:uuid:d4f0f19e-8a11-497e-80a5-5d964e0b8e5c,isolation_source:environmental,biolink:location_of,strain:bacdive_10176,RO:0001015,Graph,,bacdive,
urn:uuid:a4f5d0db-d681-433f-9548-329b557604d7,isolation_source:environmental,biolink:location_of,strain:bacdive_14263,RO:0001015,Graph,,bacdive,
urn:uuid:55433196-27f8-44d3-a3f3-acec68a3bab1,isolation_source:environmental,biolink:location_of,NCBITaxon:160689,RO:0001015,Graph,,bacdive,
urn:uuid:b045fab9-f092-420b-b2c3-6e5f2ab00305,isolation_source:environmental,biolink:location_of,strain:bacdive_17838,RO:0001015,Graph,,bacdive,
urn:uuid:683299dd-2b21-4ebd-9fab-3996a45174c7,isolation_source:environmental,biolink:location_of,NCBITaxon:1550566,RO:0001015,Graph,,bacdive,
urn:uuid:218f9524-9633-42d7-8cec-7c46e827c650,isolation_source:environmental,biolink:location_of,NCBITaxon:225422,RO:0001015,Graph,,bacdive,
urn:uuid:64657a12-7550-4f33-a646-4bfd535c5e64,isolation_source:environmental,biolink:location_of,NCBITaxon:110937,RO:0001015,Graph,,bacdive,
urn:uuid:733490a4-706a-4566-be49-6391851afc11,isolation_source:environmental,biolink:location_of,NCBITaxon:198347,RO:0001015,Graph,,bacdive,
urn:uuid:b996024a-829b-4830-94c3-5fd69d4fb70a,isolation_source:environmental,biolink:location_of,NCBITaxon:490093,RO:0001015,Graph,,bacdive,
urn:uuid:a7e761e3-cb69-40cc-871e-fc83bb73901b,isolation_source:environmental,biolink:location_of,NCBITaxon:2306636,RO:0001015,Graph,,bacdive,
urn:uuid:5708a9fa-5df9-4b31-9f25-13c0225e08fd,isolation_source:environmental,biolink:location_of,strain:bacdive_133435,RO:0001015,Graph,,bacdive,
urn:uuid:8cd120c6-0351-4074-99d9-a979022939dd,isolation_source:environmental,biolink:location_of,NCBITaxon:1130726,RO:0001015,Graph,,bacdive,
urn:uuid:24368b3a-188d-4402-a52a-83cc9474b56d,isolation_source:environmental,biolink:location_of,NCBITaxon:1476466,RO:0001015,Graph,,bacdive,
urn:uuid:b22bff7c-ea00-47c7-8514-06bd1d91fdae,isolation_source:environmental,biolink:location_of,NCBITaxon:68252,RO:0001015,Graph,,bacdive,
urn:uuid:6be18dff-43bb-413f-bf51-168ac7f7b0b1,isolation_source:aquatic,biolink:location_of,strain:bacdive_140861,RO:0001015,Graph,,bacdive,
urn:uuid:fdf5bacc-c81d-489e-86ed-9788851d1881,isolation_source:aquatic,biolink:location_of,NCBITaxon:225422,RO:0001015,Graph,,bacdive,
urn:uuid:2f9071f7-b57d-4b13-83b0-ec3c766db779,isolation_source:aquatic,biolink:location_of,NCBITaxon:1550566,RO:0001015,Graph,,bacdive,
urn:uuid:bdd607d4-df17-4969-834e-6259c3aafb3c,isolation_source:aquatic,biolink:location_of,strain:bacdive_132931,RO:0001015,Graph,,bacdive,
urn:uuid:92df14c1-7330-4ab2-b265-d13c1712c52b,isolation_source:aquatic,biolink:location_of,strain:bacdive_11914,RO:0001015,Graph,,bacdive,
urn:uuid:ae92e7c6-6ac2-479f-a450-ff991007fb08,isolation_source:aquatic,biolink:location_of,NCBITaxon:1006155,RO:0001015,Graph,,bacdive,
urn:uuid:01fa25ab-52f0-4316-8961-cf47e7ff37c1,isolation_source:aquatic,biolink:location_of,strain:bacdive_133435,RO:0001015,Graph,,bacdive,
urn:uuid:62f21363-c2c0-46fb-b887-ca874f8ab00f,isolation_source:aquatic,biolink:location_of,NCBITaxon:761193,RO:0001015,Graph,,bacdive,
urn:uuid:51aa169c-dddc-4804-8caf-287564a47145,isolation_source:aquatic,biolink:location_of,NCBITaxon:1121457,RO:0001015,Graph,,bacdive,
urn:uuid:6d115aee-f596-4cfd-b1df-512f75028925,isolation_source:aquatic,biolink:location_of,NCBITaxon:1526571,RO:0001015,Graph,,bacdive,
urn:uuid:038aef14-4648-4b68-8e4d-eeb688b7e2c8,isolation_source:aquatic,biolink:location_of,NCBITaxon:1718,RO:0001015,Graph,,bacdive,
urn:uuid:dad72d10-cec2-4b74-98e4-d9ac720321d1,isolation_source:aquatic,biolink:location_of,NCBITaxon:490093,RO:0001015,Graph,,bacdive,
urn:uuid:6c7935c2-cb46-400d-9bff-aa31eb5dbf42,isolation_source:aquatic,biolink:location_of,strain:bacdive_133843,RO:0001015,Graph,,bacdive,
urn:uuid:7079f4f4-c9db-4b6f-b28a-dcba6ad36d17,isolation_source:aquatic,biolink:location_of,NCBITaxon:198347,RO:0001015,Graph,,bacdive,
urn:uuid:d915563c-4511-4f0d-b86f-7d0807b78a5c,isolation_source:aquatic,biolink:location_of,NCBITaxon:563170,RO:0001015,Graph,,bacdive,
urn:uuid:4efa9c1a-6c62-44fd-9ad3-8b7e56f515cf,isolation_source:marine,biolink:location_of,NCBITaxon:1550566,RO:0001015,Graph,,bacdive,
urn:uuid:b1f16ee6-da6f-4db6-9c2d-14b6624a76fb,isolation_source:marine,biolink:location_of,NCBITaxon:1718,RO:0001015,Graph,,bacdive,
urn:uuid:0002a8f0-7f3a-49ed-94e4-222d57f615b8,isolation_source:marine,biolink:location_of,strain:bacdive_133435,RO:0001015,Graph,,bacdive,
urn:uuid:f2b21a45-9c05-4999-99a2-1a7985b9ebba,isolation_source:marine,biolink:location_of,NCBITaxon:225422,RO:0001015,Graph,,bacdive,
urn:uuid:2b212877-f732-43b4-b7af-5136e18141ed,isolation_source:marine,biolink:location_of,NCBITaxon:490093,RO:0001015,Graph,,bacdive,
urn:uuid:35ffdda3-2eb3-4488-a1eb-25f6bf0e0a19,isolation_source:terrestrial,biolink:location_of,NCBITaxon:47479,RO:0001015,Graph,,bacdive,
urn:uuid:11462cf4-383b-4666-94a7-c6d8837faa75,isolation_source:terrestrial,biolink:location_of,NCBITaxon:1129133,RO:0001015,Graph,,bacdive,
urn:uuid:eed4e606-0362-494a-be58-ce82e162b66f,isolation_source:terrestrial,biolink:location_of,strain:bacdive_17838,RO:0001015,Graph,,bacdive,
urn:uuid:cbe41939-75c1-4f6f-9362-ecae6e38c9b7,isolation_source:terrestrial,biolink:location_of,NCBITaxon:69666,RO:0001015,Graph,,bacdive,
urn:uuid:d9bcdb08-f82f-46a1-bc3c-b1324ec825d2,isolation_source:terrestrial,biolink:location_of,NCBITaxon:2306636,RO:0001015,Graph,,bacdive,
urn:uuid:2a44aab6-4958-4194-8114-a7d4ab1f7ca2,isolation_source:terrestrial,biolink:location_of,strain:bacdive_2614,RO:0001015,Graph,,bacdive,
urn:uuid:1f3d09ac-a676-4442-9102-e6550a034ab6,isolation_source:terrestrial,biolink:location_of,NCBITaxon:525897,RO:0001015,Graph,,bacdive,
urn:uuid:ab96e8aa-17c4-4c09-9532-8738b4906090,isolation_source:terrestrial,biolink:location_of,NCBITaxon:1476466,RO:0001015,Graph,,bacdive,
urn:uuid:039afcce-16ce-4e39-b836-d0390d9ec4fc,isolation_source:terrestrial,biolink:location_of,NCBITaxon:394090,RO:0001015,Graph,,bacdive,
urn:uuid:bc241b15-6694-49ae-a4be-55cfb77f391d,isolation_source:terrestrial,biolink:location_of,NCBITaxon:1718,RO:0001015,Graph,,bacdive,
urn:uuid:7df5f149-9e5c-4056-bc9e-33f0f558c03f,isolation_source:terrestrial,biolink:location_of,NCBITaxon:68252,RO:0001015,Graph,,bacdive,
urn:uuid:6063e62f-49d7-4eae-9950-a929ba103f8e,isolation_source:terrestrial,biolink:location_of,NCBITaxon:1495,RO:0001015,Graph,,bacdive,
urn:uuid:6b4efa77-558a-4043-8bac-ba0fe575cfb3,isolation_source:terrestrial,biolink:location_of,strain:bacdive_10176,RO:0001015,Graph,,bacdive,
urn:uuid:07d90246-a9e9-4d45-ab60-83d64808e651,isolation_source:terrestrial,biolink:location_of,strain:bacdive_14263,RO:0001015,Graph,,bacdive,
urn:uuid:b9bb2063-87f4-483e-9cc5-19bd65e36f46,isolation_source:terrestrial,biolink:location_of,NCBITaxon:2051041,RO:0001015,Graph,,bacdive,
urn:uuid:87d5f0aa-b786-4cb6-9233-d93892034f15,isolation_source:terrestrial,biolink:location_of,strain:bacdive_14301,RO:0001015,Graph,,bacdive,
urn:uuid:2cf3a527-e505-451f-abd8-f9b0f1fe52ed,isolation_source:terrestrial,biolink:location_of,NCBITaxon:110937,RO:0001015,Graph,,bacdive,
urn:uuid:9d9e5dca-9996-47a0-a8a1-d61af3011d3a,isolation_source:terrestrial,biolink:location_of,NCBITaxon:1077946,RO:0001015,Graph,,bacdive,
urn:uuid:805b11d6-8abf-47d4-8e28-5cf16641854f,isolation_source:terrestrial,biolink:location_of,NCBITaxon:2164084,RO:0001015,Graph,,bacdive,
urn:uuid:e7e26777-9902-4b20-b42d-21ce619796d6,isolation_source:terrestrial,biolink:location_of,NCBITaxon:1591105,RO:0001015,Graph,,bacdive,
urn:uuid:af48f3ef-fd7c-4bee-a805-2de651fdf1e0,isolation_source:terrestrial,biolink:location_of,strain:bacdive_24170,RO:0001015,Graph,,bacdive,
urn:uuid:394c1543-6e12-433b-acaa-7581e6097bf7,isolation_source:terrestrial,biolink:location_of,strain:bacdive_5705,RO:0001015,Graph,,bacdive,
urn:uuid:1ed2f7a6-51c6-4ab4-bdbe-56a4871b251e,isolation_source:terrestrial,biolink:location_of,NCBITaxon:1130726,RO:0001015,Graph,,bacdive,
urn:uuid:d88d8c04-86e1-49cb-9182-ae5113558ddd,isolation_source:terrestrial,biolink:location_of,strain:bacdive_134347,RO:0001015,Graph,,bacdive,
urn:uuid:e5cfa67f-a7b5-4aff-a5fd-b000b111de8a,isolation_source:terrestrial,biolink:location_of,NCBITaxon:198347,RO:0001015,Graph,,bacdive,
urn:uuid:7ef69dac-7ad0-4f3e-8e00-2fba8dc5b28d,isolation_source:terrestrial,biolink:location_of,strain:bacdive_11914,RO:0001015,Graph,,bacdive,
urn:uuid:37c37c79-e033-41b9-a89f-2577a9d96de5,isolation_source:terrestrial,biolink:location_of,NCBITaxon:1550566,RO:0001015,Graph,,bacdive,
urn:uuid:30e9bb1f-46d0-4f9e-bbc5-5b9161e6c930,isolation_source:terrestrial,biolink:location_of,NCBITaxon:857227,RO:0001015,Graph,,bacdive,
urn:uuid:ffb3e4a2-7993-4d71-9361-3bcb49862361,isolation_source:terrestrial,biolink:location_of,NCBITaxon:160689,RO:0001015,Graph,,bacdive,
urn:uuid:1de67944-8384-406d-b00e-a940317655bf,assay:API_20NE_NO3,biolink:assesses,NCBITaxon:1718,NCIT:C153110,Graph,,bacdive:160017,
urn:uuid:c709a914-caa8-44ad-ae20-6822919eed28,assay:API_20NE_NO3,biolink:assesses,NCBITaxon:1079988,NCIT:C153110,Graph,,bacdive:3094,
urn:uuid:c885b2b8-8038-4933-bfa7-00f299b780bb,assay:API_20NE_GLU_ Assim,biolink:assesses,NCBITaxon:1129133,NCIT:C153110,Graph,,bacdive:23284,
urn:uuid:456296eb-b597-42d0-a05e-69874582645b,assay:API_20NE_GLU_ Assim,biolink:assesses,NCBITaxon:1718,NCIT:C153110,Graph,,bacdive:160018,
urn:uuid:a1569fe3-5ecc-4eec-a8dd-0473e88b4de8,assay:API_20NE_GLU_ Assim,biolink:assesses,strain:bacdive_14263,NCIT:C153110,Graph,,bacdive:14263,
urn:uuid:2f7a6fc3-2fd6-4a41-af8c-4157df636e22,assay:API_20NE_GLU_ Assim,biolink:assesses,NCBITaxon:225422,NCIT:C153110,Graph,,bacdive:13684,
urn:uuid:3371c19b-f80c-4bd7-82b8-ab538f97f6b6,assay:API_20NE_GLU_ Assim,biolink:assesses,NCBITaxon:1079988,NCIT:C153110,Graph,,bacdive:3094,
urn:uuid:5d679408-5bc7-436c-a4f9-807632d1984f,assay:API_20NE_CIT,biolink:assesses,NCBITaxon:1718,NCIT:C153110,Graph,,bacdive:160017,
urn:uuid:47a993b9-d599-492f-94fd-8e84ffac23d1,assay:API_20NE_CIT,biolink:assesses,NCBITaxon:1079988,NCIT:C153110,Graph,,bacdive:3094,
urn:uuid:f958270a-3889-44eb-8621-019564a849a0,assay:API_20NE_CIT,biolink:assesses,NCBITaxon:225422,NCIT:C153110,Graph,,bacdive:13684,
urn:uuid:6ea4e61b-3fef-456f-b5d5-e382ad27907a,assay:API_20NE_ADH Arg,biolink:assesses,NCBITaxon:1718,NCIT:C153110,Graph,,bacdive:160017,
urn:uuid:24a67c4e-f48a-4a67-819e-657bdd6e92fc,assay:API_20NE_GNT,biolink:assesses,NCBITaxon:1718,NCIT:C153110,Graph,,bacdive:160018,
urn:uuid:025e565b-7a77-4747-a959-8fc38ff10322,assay:API_20NE_GNT,biolink:assesses,NCBITaxon:1079988,NCIT:C153110,Graph,,bacdive:3094,
urn:uuid:34a86580-77f9-4fd0-982e-13881b8d658f,assay:API_coryne_SAC,biolink:assesses,NCBITaxon:1718,NCIT:C153110,Graph,,bacdive:3096,
urn:uuid:9f23fa71-9c50-47d8-ba89-6316f5d5c2b0,assay:API_coryne_SAC,biolink:assesses,strain:bacdive_3080,NCIT:C153110,Graph,,bacdive:3080,
urn:uuid:c5d39d0f-138b-41bc-88ff-7184f52e36cb,assay:API_coryne_SAC,biolink:assesses,strain:bacdive_17838,NCIT:C153110,Graph,,bacdive:17838,
urn:uuid:dcc24071-85db-4758-bb02-065156edeb32,assay:API_coryne_SAC,biolink:assesses,NCBITaxon:196627,NCIT:C153110,Graph,,bacdive:3092,
urn:uuid:c7ae32d3-26a4-49c3-9aaa-dfe2cd72e33e,assay:API_coryne_MAL,biolink:assesses,NCBITaxon:1718,NCIT:C153110,Graph,,bacdive:3086,
urn:uuid:05b720aa-0312-4cb1-a62b-af8599a94739,assay:API_coryne_MAL,biolink:assesses,NCBITaxon:196627,NCIT:C153110,Graph,,bacdive:3092,
urn:uuid:8a502c9d-5760-4783-ae55-1206da1e67c2,assay:API_coryne_PYZ,biolink:assesses,NCBITaxon:196627,NCIT:C153110,Graph,,bacdive:3092,
urn:uuid:c3290598-7999-4efc-9362-888bb1dc7c93,assay:API_coryne_PYZ,biolink:assesses,NCBITaxon:1718,NCIT:C153110,Graph,,bacdive:3086,
urn:uuid:e7200726-fa90-4598-ad2f-9208f94147ea,assay:API_coryne_GLU,biolink:assesses,NCBITaxon:196627,NCIT:C153110,Graph,,bacdive:3092,
urn:uuid:c403f6a9-fc56-409d-8e83-1496800d85d7,assay:API_coryne_GLU,biolink:assesses,NCBITaxon:1718,NCIT:C153110,Graph,,bacdive:3096,
urn:uuid:69e0a644-f2f2-44ac-8fc6-cd4c42d53bf9,assay:API_coryne_GLU,biolink:assesses,strain:bacdive_17838,NCIT:C153110,Graph,,bacdive:17838,
urn:uuid:8d47c277-9376-40ef-87b8-096b8f5f6561,isolation_source:soil,biolink:location_of,NCBITaxon:2051041,RO:0001015,Graph,,bacdive,
urn:uuid:6f2f3d36-840e-4f37-bfb3-829ac3254035,isolation_source:soil,biolink:location_of,NCBITaxon:394090,RO:0001015,Graph,,bacdive,
urn:uuid:5e354565-937f-4889-9e1a-92c1db6f8d8d,isolation_source:soil,biolink:location_of,NCBITaxon:69666,RO:0001015,Graph,,bacdive,
urn:uuid:dc54455b-1fae-47e0-afbf-9a8c4924d032,isolation_source:soil,biolink:location_of,NCBITaxon:68252,RO:0001015,Graph,,bacdive,
urn:uuid:682fa0b0-2f85-4813-aa20-bed872e87c30,isolation_source:soil,biolink:location_of,NCBITaxon:1718,RO:0001015,Graph,,bacdive,
urn:uuid:a30ce5c9-caaa-4d33-ade8-c8cf5b771e2a,isolation_source:soil,biolink:location_of,NCBITaxon:1476466,RO:0001015,Graph,,bacdive,
urn:uuid:a48a0cfe-0961-4d54-86de-4895dcaad892,isolation_source:soil,biolink:location_of,NCBITaxon:160689,RO:0001015,Graph,,bacdive,
urn:uuid:016586a9-f62e-435e-b7b4-fcda8b15e3f3,isolation_source:soil,biolink:location_of,NCBITaxon:47479,RO:0001015,Graph,,bacdive,
urn:uuid:9ad3ff2a-b031-429b-a380-80573afcbffe,isolation_source:soil,biolink:location_of,NCBITaxon:2306636,RO:0001015,Graph,,bacdive,
urn:uuid:ad5643ee-c9e1-4c1f-9275-c3a8ef0c32b1,isolation_source:soil,biolink:location_of,strain:bacdive_24170,RO:0001015,Graph,,bacdive,
urn:uuid:e9b18ba3-07b0-459e-98eb-43c4c9c0c6b9,isolation_source:soil,biolink:location_of,strain:bacdive_134347,RO:0001015,Graph,,bacdive,
urn:uuid:c71a0cfd-7771-42b5-8897-692dedfb3f7a,isolation_source:soil,biolink:location_of,strain:bacdive_5705,RO:0001015,Graph,,bacdive,
urn:uuid:dd574a2f-db43-462d-9ec2-568ff9a7cfba,isolation_source:soil,biolink:location_of,NCBITaxon:1591105,RO:0001015,Graph,,bacdive,
urn:uuid:a1272567-48e4-4952-bf2d-acd5efc1dbd0,isolation_source:soil,biolink:location_of,NCBITaxon:1495,RO:0001015,Graph,,bacdive,
urn:uuid:c597d189-41a7-4864-8792-e36017b8b53f,isolation_source:soil,biolink:location_of,NCBITaxon:2164084,RO:0001015,Graph,,bacdive,
urn:uuid:17a5a1ac-5a0f-48c1-95f6-0e668facae40,isolation_source:soil,biolink:location_of,strain:bacdive_17838,RO:0001015,Graph,,bacdive,
urn:uuid:fde7f42a-ea78-470a-8269-e982e887421c,assay:API_zym_Leucine arylamidase,biolink:assesses,NCBITaxon:225422,NCIT:C153110,Graph,,bacdive:159450,
urn:uuid:3161f9b1-746f-4546-8d70-600a35c3a7a4,assay:API_zym_Leucine arylamidase,biolink:assesses,NCBITaxon:160689,NCIT:C153110,Graph,,bacdive:16552,
urn:uuid:7908f77c-c767-4e8c-8a98-9cd21283a7fb,assay:API_zym_Leucine arylamidase,biolink:assesses,strain:bacdive_17838,NCIT:C153110,Graph,,bacdive:17838,
urn:uuid:403ab55f-34a8-46f0-9493-a304592a3661,assay:API_zym_Leucine arylamidase,biolink:assesses,NCBITaxon:1718,NCIT:C153110,Graph,,bacdive:160017,
urn:uuid:caad8dd1-de07-460b-87a7-f37fe4fa0bbc,assay:API_zym_Leucine arylamidase,biolink:assesses,strain:bacdive_3080,NCIT:C153110,Graph,,bacdive:3080,
urn:uuid:770fe947-9894-453d-a864-36e67123e61b,assay:API_zym_Leucine arylamidase,biolink:assesses,NCBITaxon:1079988,NCIT:C153110,Graph,,bacdive:3094,
urn:uuid:eef84d6d-19b3-4410-93a7-460fda1f1eea,assay:API_zym_Leucine arylamidase,biolink:assesses,NCBITaxon:47479,NCIT:C153110,Graph,,bacdive:16586,
urn:uuid:dd852c5c-d9ec-4c09-a193-bc1eb3ac084d,assay:API_zym_Leucine arylamidase,biolink:assesses,strain:bacdive_10825,NCIT:C153110,Graph,,bacdive:10825,
urn:uuid:23e2a7bc-b0be-4e9b-9ed0-633598372fe6,assay:API_zym_Leucine arylamidase,biolink:assesses,NCBITaxon:196627,NCIT:C153110,Graph,,bacdive:3092,
urn:uuid:62349c15-0738-4f9e-b101-e5806c649d04,assay:API_coryne_RIB,biolink:assesses,NCBITaxon:196627,NCIT:C153110,Graph,,bacdive:3092,
urn:uuid:1c3329be-78aa-4101-9aa9-fd7712b1cc7e,assay:API_coryne_RIB,biolink:assesses,NCBITaxon:1718,NCIT:C153110,Graph,,bacdive:3086,
urn:uuid:c5421561-e0ef-4733-892b-6d170e5764c9,assay:API_20NE_MNE,biolink:assesses,NCBITaxon:1718,NCIT:C153110,Graph,,bacdive:3095,
urn:uuid:d36231f3-9fbc-418b-8adf-ed6af0b02ead,assay:API_20NE_MNE,biolink:assesses,NCBITaxon:1079988,NCIT:C153110,Graph,,bacdive:3094,
urn:uuid:841b7fdb-67ff-46c6-8114-967a60c8a652,assay:API_20NE_MNE,biolink:assesses,strain:bacdive_14263,NCIT:C153110,Graph,,bacdive:14263,
urn:uuid:4f37c986-4f32-4452-b5ab-24916f7b9016,assay:API_20NE_MNE,biolink:assesses,NCBITaxon:1129133,NCIT:C153110,Graph,,bacdive:23284,
urn:uuid:4bd9342c-f781-4b01-96ba-11d2a4420f04,isolation_source:waste,biolink:location_of,NCBITaxon:1718,RO:0001015,Graph,,bacdive,
urn:uuid:871fe5a7-3e2f-4416-9ae7-84b054c15f9d,isolation_source:waste,biolink:location_of,NCBITaxon:374858,RO:0001015,Graph,,bacdive,
urn:uuid:1c2f762d-9a34-400b-9d9c-6bcea308c8fa,isolation_source:waste,biolink:location_of,NCBITaxon:69666,RO:0001015,Graph,,bacdive,
urn:uuid:9d594275-e8ce-45d1-9f26-d334414fbc47,isolation_source:waste,biolink:location_of,NCBITaxon:196627,RO:0001015,Graph,,bacdive,
urn:uuid:5f16c430-fb82-4366-8f13-af3178e853da,isolation_source:waste,biolink:location_of,strain:bacdive_13916,RO:0001015,Graph,,bacdive,
urn:uuid:3af6de62-8bf1-457e-bc97-ed1663eb333d,assay:API_coryne_CAT,biolink:assesses,NCBITaxon:1718,NCIT:C153110,Graph,,bacdive:3096,
urn:uuid:a5e6e0ac-5555-43df-a345-7fa60baddc5a,assay:API_20NE_MAL,biolink:assesses,NCBITaxon:1718,NCIT:C153110,Graph,,bacdive:160018,
urn:uuid:39322a45-0388-40fe-a80c-ecc0f205289b,assay:API_20NE_MAL,biolink:assesses,strain:bacdive_14263,NCIT:C153110,Graph,,bacdive:14263,
urn:uuid:26921fe1-c088-4a29-959c-82cebb8b3f60,assay:API_20NE_MAL,biolink:assesses,NCBITaxon:1129133,NCIT:C153110,Graph,,bacdive:23284,
urn:uuid:81914959-6206-4f36-b933-3743275d4176,assay:API_20NE_MAL,biolink:assesses,NCBITaxon:1079988,NCIT:C153110,Graph,,bacdive:3094,
urn:uuid:144cc1ef-6b15-4bae-a203-24d97094e01b,isolation_source:bacteria,biolink:location_of,NCBITaxon:1718,RO:0001015,Graph,,bacdive,
urn:uuid:a3fffddf-25cf-45ba-b2a0-a081d9f83beb,assay:API_coryne_URE,biolink:assesses,NCBITaxon:1718,NCIT:C153110,Graph,,bacdive:3096,
urn:uuid:11409c0a-6fff-4f1a-be05-cd60a58aca2e,assay:API_coryne_URE,biolink:assesses,strain:bacdive_3080,NCIT:C153110,Graph,,bacdive:3080,
urn:uuid:27cd6e98-9c47-45dc-833d-d217a9aa7087,assay:API_coryne_URE,biolink:assesses,NCBITaxon:196627,NCIT:C153110,Graph,,bacdive:3092,
urn:uuid:619347e1-3c20-40a4-8119-e781a28f1486,assay:API_coryne_NIT,biolink:assesses,NCBITaxon:1718,NCIT:C153110,Graph,,bacdive:3096,
urn:uuid:69652519-68ff-4727-a5ee-8001520c0d73,assay:API_coryne_NIT,biolink:assesses,NCBITaxon:196627,NCIT:C153110,Graph,,bacdive:3092,
urn:uuid:0b312f75-22d1-4a4b-9009-2ad4ce8056da,assay:API_coryne_NIT,biolink:assesses,strain:bacdive_17838,NCIT:C153110,Graph,,bacdive:17838,
urn:uuid:e5d77e35-1a1d-4413-aed0-81afd01ef7e4,isolation_source:wastewater,biolink:location_of,NCBITaxon:1718,RO:0001015,Graph,,bacdive,
urn:uuid:889cae40-cb3e-4ffd-8fa8-55998bb1e97e,isolation_source:wastewater,biolink:location_of,NCBITaxon:196627,RO:0001015,Graph,,bacdive,
urn:uuid:165f6b92-b7e1-4328-b50d-3a9a79847faf,assay:API_20NE_URE,biolink:assesses,NCBITaxon:1079988,NCIT:C153110,Graph,,bacdive:3094,
urn:uuid:9abe93f3-3b7e-46c6-ae02-5fccd4923f63,assay:API_20NE_URE,biolink:assesses,NCBITaxon:1718,NCIT:C153110,Graph,,bacdive:3095,
urn:uuid:30c45100-a0fe-4723-9f8b-a423807ebdcb,strain:bacdive_10825,biolink:has_phenotype,oxygen:aerobe,RO:0002200,Graph,,bacdive:10825,
urn:uuid:a3ff3f0e-8820-482e-84b6-290c2b03b65b,strain:bacdive_10825,biolink:capable_of,EC:1.11.1.6,RO:0002215,Graph,,bacdive:10825,
urn:uuid:c80a426d-a4b9-4200-ad0f-d920490a4454,strain:bacdive_10825,biolink:occurs_in,medium:535,BAO:0002924,Graph,,bacdive:10825,
urn:uuid:3b5168de-84aa-40e7-9f68-5c39548d07b1,strain:bacdive_10825,biolink:has_phenotype,temperature:mesophilic,RO:0002200,Graph,,bacdive:10825,
urn:uuid:aec0b2c3-a931-4984-a2be-6be22b0cad5d,strain:bacdive_10825,biolink:capable_of,EC:3.4.11.1,RO:0002215,Graph,,bacdive:10825,
urn:uuid:64b1a6a2-b358-41d6-bc01-037d2cb3c3e3,strain:bacdive_166288,biolink:capable_of,EC:3.5.1.5,RO:0002215,Graph,,bacdive:166288,
urn:uuid:28df954e-3652-4a22-8a5e-8d0e2f85fbdb,strain:bacdive_166288,biolink:consumes,CHEBI:17634,RO:0000057,Graph,,bacdive:166288,
urn:uuid:656e6087-d23c-4079-91d2-df409ec36f1d,strain:bacdive_166288,biolink:capable_of,EC:1.11.1.6,RO:0002215,Graph,,bacdive:166288,
urn:uuid:da484cd5-c228-49b3-aa77-11eb866b6bba,strain:bacdive_166383,biolink:capable_of,EC:3.4.11.1,RO:0002215,Graph,,bacdive:166383,
urn:uuid:399d0867-edd8-4c9a-a2cf-f253a4b528fd,strain:bacdive_166383,biolink:capable_of,EC:1.11.1.6,RO:0002215,Graph,,bacdive:166383,
urn:uuid:6e432b85-0114-4a9e-85a3-fed8411ac808,strain:bacdive_166383,biolink:has_phenotype,oxygen:aerobe,RO:0002200,Graph,,bacdive:166383,
urn:uuid:fd41ae61-1a69-462b-8519-ac57f3dda4d6,strain:bacdive_166383,biolink:consumes,CHEBI:17632,RO:0000057,Graph,,bacdive:166383,
urn:uuid:7a171d41-5588-475d-aeaf-c36cd537b7e2,strain:IMET-7162,biolink:subclass_of,NCBITaxon:1718,rdfs:subClassOf,Graph,,bacdive:103171,
urn:uuid:9bd3aebc-fa60-4922-a3b9-d896881b99b5,strain:bacdive_2614,biolink:has_phenotype,temperature:mesophilic,RO:0002200,Graph,,bacdive:2614,
urn:uuid:f9164ec4-be21-4335-bdec-567e6b6ee016,NCBITaxon:394090,biolink:has_phenotype,temperature:mesophilic,RO:0002200,Graph,,bacdive:3304,
urn:uuid:cd3722ad-3663-4f11-bf9e-80411f9d3024,NCBITaxon:394090,biolink:associated_with,BSL:1,,Graph,,bacdive:3310,
urn:uuid:983943e0-2712-4191-9f30-ffe6162f9b3d,NCBITaxon:2051041,biolink:consumes,CHEBI:16024,RO:0000057,Graph,,bacdive:158539,
urn:uuid:e755f627-ff0c-4fcf-93f0-215ba8a9f5ea,NCBITaxon:2051041,biolink:consumes,CHEBI:16988,RO:0000057,Graph,,bacdive:158539,
urn:uuid:b77bfd25-b115-4f2a-b5ea-3c2bf39fc883,NCBITaxon:2051041,biolink:consumes,CHEBI:17634,RO:0000057,Graph,,bacdive:158539,
urn:uuid:87891b83-9371-4a0d-bcd7-3d3096ce0fa0,NCBITaxon:2051041,biolink:consumes,CHEBI:16199,RO:0000057,Graph,,bacdive:158539,
urn:uuid:131172d6-3e12-47e7-b648-7025d74c6365,NCBITaxon:2051041,biolink:capable_of,EC:3.4.11.1,RO:0002215,Graph,,bacdive:158539,
urn:uuid:d8890ca3-68f4-42e0-a3f3-b8bac8974d45,NCBITaxon:2051041,biolink:capable_of,EC:1.11.1.6,RO:0002215,Graph,,bacdive:158539,
urn:uuid:74da8a54-204b-4ebf-8dcf-e02b5f586953,NCBITaxon:2051041,biolink:has_phenotype,oxygen:aerobe,RO:0002200,Graph,,bacdive:158539,
urn:uuid:d978f989-07a8-4841-a275-bd2ae2a9061b,NCBITaxon:2051041,biolink:consumes,CHEBI:17306,RO:0000057,Graph,,bacdive:158539,
urn:uuid:24bc5781-29e5-49eb-8a26-b3d46350ece2,NCBITaxon:2051041,biolink:consumes,CHEBI:17992,RO:0000057,Graph,,bacdive:158539,
urn:uuid:5c0f8181-df15-4dfa-af3a-b96191cae723,strain:IMET-7265,biolink:subclass_of,NCBITaxon:1718,rdfs:subClassOf,Graph,,bacdive:103172,
urn:uuid:a06772e8-c558-4dff-9802-cf4b3519fa31,NCBITaxon:2749,biolink:has_phenotype,oxygen:aerobe,RO:0002215,Graph,,,
urn:uuid:d004d124-c0b8-41bf-aa3d-4a909db2a7bd,strain:bacdive_8164,biolink:consumes,CHEBI:17634,RO:0000057,Graph,,bacdive:8164,
urn:uuid:7cbe644e-2a72-4b2a-917c-851d6ed0df37,strain:bacdive_8164,biolink:has_phenotype,temperature:mesophilic,RO:0002200,Graph,,bacdive:8164,
urn:uuid:a744aea3-0c1e-451e-9dbb-5696070d8db4,strain:bacdive_8164,biolink:has_phenotype,oxygen:aerobe,RO:0002200,Graph,,bacdive:8164,
urn:uuid:dae012fa-9ec8-40fb-b159-c0144b6a89a8,strain:bacdive_8164,biolink:occurs_in,medium:693,BAO:0002924,Graph,,bacdive:8164,
urn:uuid:cfdddf27-27d8-422a-9707-d7e20488f485,NCBITaxon:1495,biolink:associated_with,BSL:1,,Graph,,bacdive:2579,
urn:uuid:c9d41cd2-1625-4731-8c9e-f0211f3d478a,NCBITaxon:1495,biolink:has_phenotype,temperature:mesophilic,RO:0002200,Graph,,bacdive:2581,
urn:uuid:90c8d838-38eb-4f16-aac0-e24c03bdffd1,NCBITaxon:1121457,biolink:capable_of,EC:1.11.1.6,RO:0002215,Graph,,bacdive:4153,
urn:uuid:1641bfb8-6d74-4e6f-a793-8aa257b3f5b3,NCBITaxon:1121457,biolink:has_phenotype,temperature:mesophilic,RO:0002200,Graph,,bacdive:4153,
urn:uuid:653500ed-d8e4-457c-aae1-b9e9009fa5df,NCBITaxon:1121457,biolink:associated_with,BSL:1,,Graph,,bacdive:4153,
urn:uuid:f7c71223-a390-4d60-87b5-f7ca9c904200,NCBITaxon:1121457,biolink:has_phenotype,gc:mid1,RO:0002200,Graph,,BactoTraits.csv,
urn:uuid:b5a4bb95-a057-48ed-89f7-11fc274454ae,NCBITaxon:1718,biolink:consumes,CHEBI:24265,RO:0000057,Graph,,bacdive:160018,
urn:uuid:e68201b4-dfb7-46c7-8a03-94ae71e8541d,NCBITaxon:1718,biolink:consumes,CHEBI:17306,RO:0000057,Graph,,bacdive:3088,
urn:uuid:08a5af8f-9e03-481b-9243-b700720081bd,NCBITaxon:1718,biolink:produces,CHEBI:33709,RO:0002215,Graph,,bacdive:3091,
urn:uuid:aec3ad68-6070-4f1f-bd4f-ca9be7d57b14,NCBITaxon:1718,biolink:capable_of,EC:3.4.11.1,RO:0002215,Graph,,bacdive:160018,
urn:uuid:89cc7fac-705b-48c4-ac47-0b7c68f9377a,NCBITaxon:1718,biolink:occurs_in,medium:53,BAO:0002924,Graph,,"['bacdive:3091', 'bacdive:3091']",
urn:uuid:ffc7d860-d8e5-4b06-9795-f1f90d0ced37,NCBITaxon:1718,biolink:consumes,CHEBI:17634,RO:0000057,Graph,,bacdive:3088,
urn:uuid:420aebcb-def6-47dc-b73d-8afc8466c893,NCBITaxon:1718,biolink:capable_of,EC:3.5.3.6,RO:0002215,Graph,,bacdive:160018,
urn:uuid:0a79cc91-cd2e-40eb-9ccf-536469775042,NCBITaxon:1718,biolink:capable_of,EC:3.5.1.5,RO:0002215,Graph,,bacdive:3088,
urn:uuid:e76d9348-5583-437c-9a96-a40f7084be6a,NCBITaxon:1718,biolink:consumes,CHEBI:16199,RO:0000057,Graph,,bacdive:3088,
urn:uuid:4bd35ffc-b460-439a-9a13-dd5f24f84802,NCBITaxon:1718,biolink:occurs_in,medium:535,BAO:0002924,Graph,,"['bacdive:3097', 'bacdive:130935']",
urn:uuid:8a03d2a9-277c-4979-93d5-f952e29108da,NCBITaxon:1718,biolink:associated_with,BSL:1,,Graph,,bacdive:3087,
urn:uuid:7917721e-c98a-46f5-afd5-0237b44d7491,NCBITaxon:1718,biolink:consumes,CHEBI:16024,RO:0000057,Graph,,bacdive:3095,
urn:uuid:bd4f26c0-d60e-4d31-b419-553129495865,NCBITaxon:1718,biolink:occurs_in,medium:693,BAO:0002924,Graph,,"['bacdive:3090', 'bacdive:3090']",
urn:uuid:f7f3e2c3-353b-4067-a15d-a733489dc7b9,NCBITaxon:1718,biolink:has_phenotype,temperature:mesophilic,RO:0002200,Graph,,bacdive:3091,
urn:uuid:1d0d0a42-4afa-47de-a755-dee03524df4e,NCBITaxon:1718,biolink:occurs_in,medium:535a,BAO:0002924,Graph,,"['bacdive:3086', 'bacdive:3090']",
urn:uuid:60ca3cbc-94ac-4418-8d24-2415a59032cf,NCBITaxon:1718,biolink:capable_of,EC:3.5.1.B15,RO:0002215,Graph,,bacdive:3086,
urn:uuid:9cc0a5bb-361f-4dd5-a3b7-2b3753c02d28,NCBITaxon:1718,biolink:consumes,CHEBI:17992,RO:0000057,Graph,,bacdive:3088,
urn:uuid:fe381096-b3e6-47e3-8b79-4fae3f132c38,NCBITaxon:1718,biolink:consumes,CHEBI:16988,RO:0000057,Graph,,bacdive:3088,
urn:uuid:5a95eb10-5b83-4dea-a6da-71c10c9d5cf5,NCBITaxon:1718,biolink:capable_of,EC:1.11.1.6,RO:0002215,Graph,,bacdive:3096,
urn:uuid:c3c33f6b-3a75-4c64-9e50-5ba69d9255ad,NCBITaxon:1718,biolink:consumes,CHEBI:17632,RO:0000057,Graph,,bacdive:3088,
urn:uuid:553a8200-75f6-4ca1-b07f-c4bc7cf8a01a,NCBITaxon:1718,biolink:consumes,CHEBI:29016,RO:0000057,Graph,,bacdive:160018,
urn:uuid:18e236de-848b-4030-8bf1-7d067670cb04,NCBITaxon:1718,biolink:produces,CHEBI:29985,RO:0002215,Graph,,bacdive:3091,
urn:uuid:add18066-37eb-4c29-8b25-e059acfaccf0,NCBITaxon:1718,biolink:subclass_of,NCBITaxon:1716,rdfs:subClassOf,Graph,,,
urn:uuid:5135237c-827a-4e99-a4e9-d0878b0c272f,NCBITaxon:1718,biolink:occurs_in,medium:J26,BAO:0002924,Graph,,bacdive:3091,
urn:uuid:c08c9d95-b506-47a2-971f-73830a1e0189,NCBITaxon:1718,biolink:occurs_in,medium:J22,BAO:0002924,Graph,,bacdive:3088,
urn:uuid:853e4a2b-96fa-4de3-9879-c48ac7df0bc5,NCBITaxon:1718,biolink:occurs_in,medium:J475,BAO:0002924,Graph,,bacdive:3091,
urn:uuid:9a58d368-ed06-4e91-8e8d-226ccb537ec8,NCBITaxon:1718,biolink:capable_of,pathways:nitrate_reduction,RO:0002215,Graph,,,
urn:uuid:2190c311-5d77-4219-a60b-7b24b5258d44,NCBITaxon:1718,biolink:has_phenotype,cell_shape:bacillus,RO:0002200,Graph,,,
urn:uuid:dab2a655-8069-4fe2-928e-c1450b5c0503,NCBITaxon:1718,biolink:has_phenotype,oxygen:facultative_anaerobe,RO:0002215,Graph,,,
urn:uuid:8c9310e7-4662-407b-a296-44d3a98ca399,NCBITaxon:1718,biolink:has_phenotype,cell_shape:coccobacillus,RO:0002200,Graph,,,
urn:uuid:565500e2-2473-4f8f-ab62-40995063689d,NCBITaxon:1718,biolink:has_phenotype,oxygen:aerobe,RO:0002215,Graph,,,
urn:uuid:e398b345-e06b-41c3-93b3-ce4caadc22f5,NCBITaxon:1718,biolink:has_phenotype,gc:mid1,RO:0002200,Graph,,BactoTraits.csv,
urn:uuid:3f5dfbe2-3829-44db-9e54-5c81ce704de6,strain:DSM-20301,biolink:subclass_of,NCBITaxon:1718,rdfs:subClassOf,Graph,,bacdive:3093,
urn:uuid:7532a328-5a3d-4bd2-9185-e06e6ccf323e,strain:ATCC-13868,biolink:subclass_of,NCBITaxon:1718,rdfs:subClassOf,Graph,,bacdive:3093,
urn:uuid:4a9819d4-e6c3-4ed0-8a91-99ab4d423f9c,strain:NCIB-9694,biolink:subclass_of,NCBITaxon:1718,rdfs:subClassOf,Graph,,bacdive:3093,
urn:uuid:4562033f-88b6-4c49-b8de-c308034a074b,strain:bacdive_11914,biolink:has_phenotype,temperature:mesophilic,RO:0002200,Graph,,bacdive:11914,
urn:uuid:b190a689-aab5-4dea-8f48-39037ecc5264,strain:bacdive_158604,biolink:capable_of,EC:3.4.11.1,RO:0002215,Graph,,bacdive:158604,
urn:uuid:b18420f4-cd5b-436c-93a1-24479f9dab06,strain:bacdive_158604,biolink:capable_of,EC:3.5.1.5,RO:0002215,Graph,,bacdive:158604,
urn:uuid:0e59f2d2-0817-40ad-b9bb-cb5b75a275eb,strain:bacdive_158604,biolink:capable_of,EC:3.5.3.6,RO:0002215,Graph,,bacdive:158604,
urn:uuid:78c21743-2f89-4343-b555-24cf70bd9c82,strain:bacdive_158604,biolink:capable_of,EC:1.11.1.6,RO:0002215,Graph,,bacdive:158604,
urn:uuid:a4405131-5a5d-4ba5-ab12-540712286160,strain:bacdive_158604,biolink:has_phenotype,temperature:mesophilic,RO:0002200,Graph,,bacdive:158604,
urn:uuid:8f013425-50e6-41c8-af43-c8f5ebff1832,strain:bacdive_158604,biolink:has_phenotype,oxygen:aerobe,RO:0002200,Graph,,bacdive:158604,
urn:uuid:9439fb6f-e145-45e2-a381-408602aefa99,strain:bacdive_133843,biolink:consumes,CHEBI:24265,RO:0000057,Graph,,bacdive:133843,
urn:uuid:8ba234bf-038d-4031-8712-d64838f2cd06,strain:bacdive_133843,biolink:has_phenotype,oxygen:aerobe,RO:0002200,Graph,,bacdive:133843,
urn:uuid:9a8ef311-4b89-4991-b8ea-1d145f96e0a4,strain:bacdive_133843,biolink:capable_of,EC:1.11.1.6,RO:0002215,Graph,,bacdive:133843,
urn:uuid:74ae4088-e133-4900-a546-22173331d2fb,strain:DSM-20412,biolink:subclass_of,NCBITaxon:1718,rdfs:subClassOf,Graph,,bacdive:3095,
urn:uuid:51fc56ce-55f6-4ee6-9790-394471eb6f56,strain:ATCC-13655,biolink:subclass_of,NCBITaxon:1718,rdfs:subClassOf,Graph,,bacdive:3095,
urn:uuid:9f26d643-41b4-461d-80c7-bb18de78d1c0,strain:NCIB-9662,biolink:subclass_of,NCBITaxon:1718,rdfs:subClassOf,Graph,,bacdive:3095,
urn:uuid:7a3644f6-51cd-4715-93a1-c5a9852e495f,strain:bacdive_14741,biolink:consumes,CHEBI:16024,RO:0000057,Graph,,bacdive:14741,
urn:uuid:de451359-ef3d-4fd1-b6ce-8f3a47da21d9,strain:bacdive_14741,biolink:consumes,CHEBI:17992,RO:0000057,Graph,,bacdive:14741,
urn:uuid:1010bd30-d5ca-412e-a572-f9956b7aae08,strain:bacdive_14741,biolink:occurs_in,medium:693,BAO:0002924,Graph,,bacdive:14741,
urn:uuid:d84b899b-1bf9-4053-979e-0b64e2bd5873,strain:bacdive_14741,biolink:capable_of,EC:3.5.1.5,RO:0002215,Graph,,bacdive:14741,
urn:uuid:a3018853-5e48-4b9c-a597-10f5e39b141e,strain:bacdive_14741,biolink:has_phenotype,temperature:mesophilic,RO:0002200,Graph,,bacdive:14741,
urn:uuid:0a5d56dd-5043-408f-8fa7-5749fa2b2607,strain:bacdive_14741,biolink:capable_of,EC:3.4.11.1,RO:0002215,Graph,,bacdive:14741,
urn:uuid:c610ee99-09c2-4c54-9a74-28ea48da89ee,strain:bacdive_14741,biolink:consumes,CHEBI:16199,RO:0000057,Graph,,bacdive:14741,
urn:uuid:038e9f3d-a15a-40c9-8080-fcdb63c13586,NCBITaxon:1591105,biolink:capable_of,EC:1.11.1.6,RO:0002215,Graph,,bacdive:141130,
urn:uuid:90eb6132-5fa5-4a6d-b393-be553d7c89de,NCBITaxon:1591105,biolink:capable_of,EC:3.4.11.1,RO:0002215,Graph,,bacdive:141130,
urn:uuid:2828025b-ef5c-4b50-b53f-93d1f8233ab3,NCBITaxon:1591105,biolink:has_phenotype,oxygen:aerobe,RO:0002200,Graph,,bacdive:141130,
urn:uuid:59ec3439-1139-4511-9cf5-e752b9c61eeb,strain:bacdive_132931,biolink:consumes,CHEBI:17992,RO:0000057,Graph,,bacdive:132931,
urn:uuid:8929efc1-39d9-4870-a8d0-1beaef394fbd,strain:bacdive_132931,biolink:consumes,CHEBI:17634,RO:0000057,Graph,,bacdive:132931,
urn:uuid:df7eacc6-1372-42b3-9356-486df61b71c2,strain:bacdive_132931,biolink:occurs_in,medium:535,BAO:0002924,Graph,,bacdive:132931,
urn:uuid:63782bc1-9b18-4256-aba3-f9472d295296,strain:bacdive_132931,biolink:has_phenotype,temperature:mesophilic,RO:0002200,Graph,,bacdive:132931,
urn:uuid:7c805203-e44a-4a83-b995-e337ffe8dba1,strain:DSM-102070,biolink:subclass_of,NCBITaxon:1718,rdfs:subClassOf,Graph,,bacdive:130935,
urn:uuid:18cabb89-5e18-4cac-8e00-2d78cdfd7e17,strain:bacdive_14793,biolink:consumes,CHEBI:17992,RO:0000057,Graph,,bacdive:14793,
urn:uuid:ea60724d-1bb6-40f1-aca2-96c219474cb2,strain:bacdive_14793,biolink:consumes,CHEBI:17306,RO:0000057,Graph,,bacdive:14793,
urn:uuid:e51c43c0-a756-4e39-82c6-bd6f08879528,strain:bacdive_14793,biolink:has_phenotype,temperature:mesophilic,RO:0002200,Graph,,bacdive:14793,
urn:uuid:4b8e3856-22cd-4fac-953b-94ceaed175a2,NCBITaxon:1006155,biolink:associated_with,BSL:1,,Graph,,bacdive:23078,
urn:uuid:d3d20482-8738-41ba-b998-9366595dd225,NCBITaxon:1006155,biolink:occurs_in,medium:693,BAO:0002924,Graph,,"['bacdive:23078', 'bacdive:23078']",
urn:uuid:e5feec19-0b5f-4251-bc94-a03d20cba8fc,NCBITaxon:1006155,biolink:has_phenotype,temperature:mesophilic,RO:0002200,Graph,,bacdive:23078,
urn:uuid:befb927f-9454-4e8d-bee2-8efb4f1becd4,NCBITaxon:1006155,biolink:capable_of,EC:1.11.1.6,RO:0002215,Graph,,bacdive:23078,
urn:uuid:a618c2a6-c9d8-4264-a7cb-54640b569fed,NCBITaxon:1006155,biolink:consumes,CHEBI:17306,RO:0000057|RO:0002215,Graph,,bacdive:23078,
urn:uuid:4ffe0229-6808-4eba-9c5c-135ff8c19b2b,NCBITaxon:1006155,biolink:consumes,CHEBI:17632,RO:0000057,Graph,,bacdive:23078,
urn:uuid:99dcec99-5d33-4e93-bf74-144cb092f937,NCBITaxon:1006155,biolink:has_phenotype,cell_shape:bacillus,RO:0002200,Graph,,,
urn:uuid:47e0d139-e1b4-42a5-9d32-ca5ee3463e98,NCBITaxon:1006155,biolink:capable_of,pathways:nitrate_reduction,RO:0002215,Graph,,,
urn:uuid:baca9c4a-f969-4224-a0ec-c6a7617874e3,strain:bacdive_166181,biolink:consumes,CHEBI:17632,RO:0000057,Graph,,bacdive:166181,
urn:uuid:23f7ce07-6bab-449d-9635-12eb0d38cb8b,strain:bacdive_166181,biolink:capable_of,EC:1.11.1.6,RO:0002215,Graph,,bacdive:166181,
urn:uuid:3c19026c-ed4b-4768-bb6f-d307dde8e560,strain:bacdive_166181,biolink:has_phenotype,oxygen:aerobe,RO:0002200,Graph,,bacdive:166181,
urn:uuid:955d3706-7fe3-4971-be06-53ade6a243a2,strain:bacdive_166181,biolink:consumes,CHEBI:24265,RO:0000057,Graph,,bacdive:166181,
urn:uuid:af46e04c-9436-4857-8d8b-790cfd018804,strain:bacdive_166181,biolink:consumes,CHEBI:16024,RO:0000057,Graph,,bacdive:166181,
urn:uuid:0e03eac3-b7ee-4113-87cd-d3dbaa46451e,strain:bacdive_131290,biolink:has_phenotype,temperature:mesophilic,RO:0002200,Graph,,bacdive:131290,
urn:uuid:e650ce06-9914-4078-b982-d9eb071a2492,strain:bacdive_131290,biolink:capable_of,EC:1.11.1.6,RO:0002215,Graph,,bacdive:131290,
urn:uuid:c7f31b8b-ca15-4ccc-86c5-e2b2244acd6c,strain:DSM-5403,biolink:subclass_of,NCBITaxon:1718,rdfs:subClassOf,Graph,,bacdive:160017,
urn:uuid:ae89185c-7f13-4624-a1e6-1b31937d0e25,strain:ATCC-21677,biolink:subclass_of,NCBITaxon:1718,rdfs:subClassOf,Graph,,bacdive:160017,
urn:uuid:4ebb7fa7-ab93-4f89-9393-44ff03f31ecb,NCBITaxon:481719,biolink:consumes,CHEBI:16988,RO:0000057,Graph,,bacdive:6688,
urn:uuid:050d77b5-2809-42a1-85d4-5b8a665a6dfb,NCBITaxon:481719,biolink:consumes,CHEBI:17992,RO:0000057,Graph,,bacdive:6688,
urn:uuid:1ae8a40c-da6a-409f-bbe4-9f8a6b3645c2,NCBITaxon:481719,biolink:consumes,CHEBI:17306,RO:0000057,Graph,,bacdive:6688,
urn:uuid:a8e84792-fc49-458c-8e99-20e824259de5,NCBITaxon:481719,biolink:consumes,CHEBI:17634,RO:0000057,Graph,,bacdive:6688,
urn:uuid:a3974892-69f4-41a9-a320-5d90c670ad2d,NCBITaxon:481719,biolink:associated_with,BSL:1,,Graph,,bacdive:6688,
urn:uuid:d78cbb00-2d8e-4724-a390-2e26a5976b46,NCBITaxon:481719,biolink:has_phenotype,temperature:mesophilic,RO:0002200,Graph,,bacdive:6688,
urn:uuid:efa68025-1190-490d-9483-219871c63d92,strain:bacdive_133435,biolink:has_phenotype,oxygen:aerobe,RO:0002200,Graph,,bacdive:133435,
urn:uuid:d335809d-e1b9-412e-aecd-9e5bf127c0e1,strain:bacdive_133435,biolink:has_phenotype,temperature:mesophilic,RO:0002200,Graph,,bacdive:133435,
urn:uuid:9adc0bbc-d682-460e-b514-e9724ca06007,strain:bacdive_133435,biolink:consumes,CHEBI:17632,RO:0000057,Graph,,bacdive:133435,
urn:uuid:8b59703b-580c-42f0-986f-6f6afd6b2bcd,strain:DSM-20137,biolink:subclass_of,NCBITaxon:1718,rdfs:subClassOf,Graph,,bacdive:3088,
urn:uuid:50e173e7-67ca-4560-a13b-1da2b2ecbd29,strain:ATCC-15990,biolink:subclass_of,NCBITaxon:1718,rdfs:subClassOf,Graph,,bacdive:3088,
urn:uuid:40f80832-3ad2-49f2-a71d-6182002fd849,strain:NCIB-10337,biolink:subclass_of,NCBITaxon:1718,rdfs:subClassOf,Graph,,bacdive:3088,
urn:uuid:ed0b6106-4a42-4a33-a5e2-a826c5fbe995,strain:NRRL-B-2243,biolink:subclass_of,NCBITaxon:1718,rdfs:subClassOf,Graph,,bacdive:3088,
urn:uuid:00903c7c-d8c2-4453-850a-2b7fc9b2a77e,strain:JCM-1321,biolink:subclass_of,NCBITaxon:1718,rdfs:subClassOf,Graph,,bacdive:3088,
urn:uuid:b3664d15-da41-4092-a390-7406c7c28928,strain:BCRC-11669,biolink:subclass_of,NCBITaxon:1718,rdfs:subClassOf,Graph,,bacdive:3088,
urn:uuid:6a244a40-ff44-47f5-8935-8465d15fb393,strain:CGMCC-1.1888,biolink:subclass_of,NCBITaxon:1718,rdfs:subClassOf,Graph,,bacdive:3088,
urn:uuid:14c7c5eb-0183-4f94-9f61-dedfa185c3f1,strain:IAM-12434,biolink:subclass_of,NCBITaxon:1718,rdfs:subClassOf,Graph,,bacdive:3088,
urn:uuid:87454921-9700-4b9e-8690-ac7a6226ce3d,strain:IMET-11081,biolink:subclass_of,NCBITaxon:1718,rdfs:subClassOf,Graph,,bacdive:3088,
urn:uuid:f5a6be6a-f68a-42c4-846d-b27f4ddc180d,strain:KCTC-1448,biolink:subclass_of,NCBITaxon:1718,rdfs:subClassOf,Graph,,bacdive:3088,
urn:uuid:9ee76827-0d1d-492d-8738-0b90bc04a55a,strain:LMG-3654,biolink:subclass_of,NCBITaxon:1718,rdfs:subClassOf,Graph,,bacdive:3088,
urn:uuid:a63af953-66a7-41a1-8156-94e1e6dd75d9,strain:NCIMB-10337,biolink:subclass_of,NCBITaxon:1718,rdfs:subClassOf,Graph,,bacdive:3088,
urn:uuid:1adc9709-3ce9-4a8d-b987-5bedf22d5f05,NCBITaxon:225422,biolink:consumes,CHEBI:17634,RO:0000057,Graph,,bacdive:159451,
urn:uuid:c2f70405-bbef-4717-b928-ea5973972179,NCBITaxon:225422,biolink:has_phenotype,temperature:mesophilic,RO:0002200,Graph,,bacdive:13684,
urn:uuid:32428a8b-09e4-4fe3-a5f2-77633015850a,NCBITaxon:225422,biolink:associated_with,BSL:1,,Graph,,bacdive:13684,
urn:uuid:1082c72c-f927-4a59-86f9-4eee040b1bd1,NCBITaxon:225422,biolink:capable_of,EC:3.4.11.1,RO:0002215,Graph,,bacdive:13684,
urn:uuid:48934b8d-f812-4e90-af41-6cc9392f1098,NCBITaxon:225422,biolink:has_phenotype,oxygen:aerobe,RO:0002200,Graph,,bacdive:13684,
urn:uuid:e54554b6-682f-4e2e-8bc4-ba0e31b7b9c5,NCBITaxon:225422,biolink:capable_of,EC:1.11.1.6,RO:0002215,Graph,,bacdive:13684,
urn:uuid:5b75f079-cbff-4ea9-8988-8ee7e68e33d2,NCBITaxon:225422,biolink:has_phenotype,cell_shape:bacillus,RO:0002200,Graph,,,
urn:uuid:872ad7d7-d0b9-442f-abcd-64b22abc3952,NCBITaxon:160689,biolink:capable_of,EC:3.5.3.6,RO:0002215,Graph,,bacdive:16552,
urn:uuid:3ed908dc-89ad-4b4a-9535-5d0508b2ee9c,NCBITaxon:160689,biolink:has_phenotype,temperature:mesophilic,RO:0002200,Graph,,bacdive:16552,
urn:uuid:c00de71c-8ee8-4c44-aaec-d56b73003357,NCBITaxon:160689,biolink:associated_with,BSL:1,,Graph,,bacdive:16552,
urn:uuid:bb39f8c3-8a6c-4567-9a57-23a0a93488f5,NCBITaxon:160689,biolink:consumes,CHEBI:29016,RO:0000057,Graph,,bacdive:16552,
urn:uuid:63c4fac1-dbaa-42e0-9a64-f3bd2b77ea41,NCBITaxon:160689,biolink:capable_of,EC:3.4.11.1,RO:0002215,Graph,,bacdive:16552,
urn:uuid:e1df6332-087e-4882-b915-ae38a04c028e,NCBITaxon:160689,biolink:consumes,CHEBI:16199,RO:0000057,Graph,,bacdive:16552,
urn:uuid:f0e3ab7d-5819-4c69-9db3-49157514df7e,NCBITaxon:160689,biolink:capable_of,EC:3.5.1.5,RO:0002215,Graph,,bacdive:16552,
urn:uuid:f61f17f9-4d89-49eb-ac8e-76861765a7de,strain:bacdive_17838,biolink:capable_of,EC:3.4.11.1,RO:0002215,Graph,,bacdive:17838,
urn:uuid:87e4e773-7327-490a-97fb-a93866eb7f99,strain:bacdive_17838,biolink:consumes,CHEBI:17992,RO:0000057,Graph,,bacdive:17838,
urn:uuid:81c0a79e-0954-4de4-b501-d32d8e728c79,strain:bacdive_17838,biolink:capable_of,EC:1.11.1.6,RO:0002215,Graph,,bacdive:17838,
urn:uuid:a2abeece-97fc-4ec1-9eb6-cd64206f954b,strain:bacdive_17838,biolink:has_phenotype,oxygen:facultative_anaerobe,RO:0002200,Graph,,bacdive:17838,
urn:uuid:ddd8ebf8-4f24-4606-ab90-a2a3fb65e754,strain:bacdive_17838,biolink:consumes,CHEBI:17632,RO:0000057,Graph,,bacdive:17838,
urn:uuid:9e48d582-fba0-4372-b894-3dfbf96f55f9,strain:bacdive_17838,biolink:consumes,CHEBI:17634,RO:0000057,Graph,,bacdive:17838,
urn:uuid:eb4b6196-92f7-481d-be38-862326dfc5fb,strain:bacdive_141075,biolink:capable_of,EC:3.4.11.1,RO:0002215,Graph,,bacdive:141075,
urn:uuid:a11c1f6d-23d7-4e5b-a081-3112632cf033,strain:bacdive_141075,biolink:has_phenotype,oxygen:aerobe,RO:0002200,Graph,,bacdive:141075,
urn:uuid:4cc171ed-7452-4648-8707-10572db100cd,strain:DSM-20297,biolink:subclass_of,NCBITaxon:1718,rdfs:subClassOf,Graph,,bacdive:3091,
urn:uuid:c4248993-4229-4677-ac16-1a877b7a5405,strain:ATCC-14020,biolink:subclass_of,NCBITaxon:1718,rdfs:subClassOf,Graph,,bacdive:3091,
urn:uuid:0d3cd05a-7c97-4e3d-8c2e-3f444c75d6ca,strain:NCIB-9379,biolink:subclass_of,NCBITaxon:1718,rdfs:subClassOf,Graph,,bacdive:3091,
urn:uuid:ec783263-d70d-4289-b9c3-788b6f417286,strain:JCM-1307,biolink:subclass_of,NCBITaxon:1718,rdfs:subClassOf,Graph,,bacdive:3091,
urn:uuid:98ca52ac-b2fe-46e6-8704-04139a813201,strain:BCRC-11631,biolink:subclass_of,NCBITaxon:1718,rdfs:subClassOf,Graph,,bacdive:3091,
urn:uuid:5afbee08-585f-49c1-b0e1-9b7dbe282134,strain:CGMCC-1.1884,biolink:subclass_of,NCBITaxon:1718,rdfs:subClassOf,Graph,,bacdive:3091,
urn:uuid:bfe59a7b-8131-4c61-a74f-e8b95995c4e4,strain:IAM-12432,biolink:subclass_of,NCBITaxon:1718,rdfs:subClassOf,Graph,,bacdive:3091,
urn:uuid:195dadac-cdd3-4977-bb86-5b82a696aac9,strain:IMET-11073,biolink:subclass_of,NCBITaxon:1718,rdfs:subClassOf,Graph,,bacdive:3091,
urn:uuid:3e9d1e05-7a98-420b-b3fe-c8c8d5400e2c,strain:KCTC-3253,biolink:subclass_of,NCBITaxon:1718,rdfs:subClassOf,Graph,,bacdive:3091,
urn:uuid:026a4aa8-ccb3-41c4-933a-5437e1a3dd74,strain:NCCB-71034,biolink:subclass_of,NCBITaxon:1718,rdfs:subClassOf,Graph,,bacdive:3091,
urn:uuid:eba16b8d-1a27-470d-86ba-cb936c076358,strain:NCIMB-9379,biolink:subclass_of,NCBITaxon:1718,rdfs:subClassOf,Graph,,bacdive:3091,
urn:uuid:58e1b4d8-751c-48e3-9a94-6ca7a4225475,strain:NRRL-B-2312,biolink:subclass_of,NCBITaxon:1718,rdfs:subClassOf,Graph,,bacdive:3091,
urn:uuid:e75ee1d9-cb2c-4889-a473-eac911321e0e,NCBITaxon:1077946,biolink:associated_with,BSL:1,,Graph,,bacdive:158159,
urn:uuid:99ddc0b6-67f3-467d-be49-13c0f96c9a78,NCBITaxon:1077946,biolink:has_phenotype,temperature:mesophilic,RO:0002200,Graph,,bacdive:158159,
urn:uuid:92c0796a-94c2-4f47-a66c-485a4c92896b,strain:JCM-18229,biolink:subclass_of,NCBITaxon:1718,rdfs:subClassOf,Graph,,bacdive:162202,
urn:uuid:1a4d6c80-2eeb-4ba2-8895-019b91562618,strain:DSM-46307,biolink:subclass_of,NCBITaxon:1718,rdfs:subClassOf,Graph,,bacdive:3098,
urn:uuid:89d293db-35fc-4406-8286-d9c9bef96e88,strain:IMET-11022,biolink:subclass_of,NCBITaxon:1718,rdfs:subClassOf,Graph,,bacdive:3098,
urn:uuid:d47b4522-5824-49e0-a82e-ea453d41a272,strain:NCMB-2026,biolink:subclass_of,NCBITaxon:1718,rdfs:subClassOf,Graph,,bacdive:3098,
urn:uuid:c7710f7b-2f70-472d-b659-76e878473532,strain:SN-130,biolink:subclass_of,NCBITaxon:1718,rdfs:subClassOf,Graph,,bacdive:3098,
urn:uuid:5d6f0576-441b-47c1-a958-36fd8fe561c1,NCBITaxon:2306636,biolink:has_phenotype,temperature:mesophilic,RO:0002200,Graph,,bacdive:159213,
urn:uuid:13cee750-fe78-4cae-bd22-5ade7552d48d,NCBITaxon:2306636,biolink:has_phenotype,oxygen:aerobe,RO:0002200,Graph,,bacdive:159213,
urn:uuid:73024218-c94f-4d6b-b547-9c512d720caf,NCBITaxon:1123299,biolink:has_phenotype,temperature:mesophilic,RO:0002200,Graph,,bacdive:14827,
urn:uuid:480fe322-bdc4-4cdc-b09d-dfdcdc45800d,NCBITaxon:1123299,biolink:consumes,CHEBI:17306,RO:0000057,Graph,,bacdive:14827,
urn:uuid:f72c50ae-0e9c-4881-9f3b-5f66a78dca98,NCBITaxon:1123299,biolink:consumes,CHEBI:17992,RO:0000057,Graph,,bacdive:14827,
urn:uuid:02f4db2a-38a5-44c7-99af-6955b9c0e0aa,NCBITaxon:1123299,biolink:has_phenotype,oxygen:facultative_anaerobe,RO:0002200|RO:0002215,Graph,,bacdive:14827,
urn:uuid:e6ad862b-2e83-4721-82c3-b335e9f07435,NCBITaxon:1123299,biolink:associated_with,BSL:1,,Graph,,bacdive:14827,
urn:uuid:9148d7dc-9ab1-45dc-a173-fcff0d68c21f,NCBITaxon:1123299,biolink:occurs_in,medium:693,BAO:0002924,Graph,,"['bacdive:14827', 'bacdive:14827']",
urn:uuid:311b1332-c60e-4064-89ee-a8c762dd1989,NCBITaxon:525897,biolink:has_phenotype,temperature:mesophilic,RO:0002200,Graph,,bacdive:4051,
urn:uuid:39c60af0-db36-48a4-acab-66fd4179ef50,NCBITaxon:525897,biolink:associated_with,BSL:1,,Graph,,bacdive:4051,
urn:uuid:5077ca24-a45e-49c4-a70d-73591e287522,NCBITaxon:525897,biolink:has_phenotype,cell_shape:bacillus,RO:0002200,Graph,,,
urn:uuid:16809c1b-beb6-4300-aa18-8b237923ebe8,strain:DSM-1412,biolink:subclass_of,NCBITaxon:1718,rdfs:subClassOf,Graph,,bacdive:3086,
urn:uuid:ef737a24-f938-49f9-a2c7-165c60fbe673,strain:ATCC-13869,biolink:subclass_of,NCBITaxon:1718,rdfs:subClassOf,Graph,,bacdive:3086,
urn:uuid:355469d7-3ff3-4a27-81a1-95143a35b1e4,strain:NCIB-9567,biolink:subclass_of,NCBITaxon:1718,rdfs:subClassOf,Graph,,bacdive:3086,
urn:uuid:d2a50de7-1049-4a53-bf72-a06d896f2802,NCBITaxon:68252,biolink:associated_with,BSL:1,,Graph,,bacdive:16140,
urn:uuid:a060f4e5-acd3-4c34-8c36-cd240114b368,NCBITaxon:68252,biolink:has_phenotype,temperature:mesophilic,RO:0002200,Graph,,bacdive:16140,
urn:uuid:2e6c6ad3-c1e2-4089-b642-d34639fe65a1,NCBITaxon:47479,biolink:associated_with,BSL:1,,Graph,,bacdive:16586,
urn:uuid:789c0f3b-5a65-4527-8d29-4e2798fddb65,NCBITaxon:47479,biolink:capable_of,EC:3.5.3.6,RO:0002215,Graph,,bacdive:16586,
urn:uuid:3a8f6400-434c-444c-a6ce-a4d111cdb90c,NCBITaxon:47479,biolink:consumes,CHEBI:17992,RO:0000057,Graph,,bacdive:16586,
urn:uuid:b05b3ccb-08a9-4225-ab79-5a684479d958,NCBITaxon:47479,biolink:consumes,CHEBI:29016,RO:0000057,Graph,,bacdive:16586,
urn:uuid:0e3513c3-9156-4320-8e89-1edda76d22b0,NCBITaxon:47479,biolink:capable_of,EC:3.4.11.1,RO:0002215,Graph,,bacdive:16586,
urn:uuid:8de5b6c2-0637-42b3-ad7e-5e5bce0de603,NCBITaxon:47479,biolink:has_phenotype,temperature:mesophilic,RO:0002200,Graph,,bacdive:16586,
urn:uuid:bd50cba8-a074-4be3-96aa-dbbecbc4d48e,NCBITaxon:1130726,biolink:capable_of,EC:3.5.1.5,RO:0002215,Graph,,bacdive:133959,
urn:uuid:9b711f7c-b03c-4e8a-b626-6f6a97c2452e,NCBITaxon:1130726,biolink:has_phenotype,oxygen:aerobe,RO:0002200,Graph,,bacdive:133959,
urn:uuid:0a7d279c-e168-4f36-a080-327137d0b88f,NCBITaxon:1130726,biolink:capable_of,EC:1.11.1.6,RO:0002215,Graph,,bacdive:133959,
urn:uuid:dbca2922-f0a8-441f-8602-b4d233817b52,NCBITaxon:1130726,biolink:has_phenotype,cell_shape:bacillus,RO:0002200,Graph,,,
urn:uuid:ea1f254e-6395-4051-8bb1-ec84b063e065,strain:DSM-10150,biolink:subclass_of,NCBITaxon:1718,rdfs:subClassOf,Graph,,bacdive:3087,
urn:uuid:c41ac4bb-c5b0-4f5a-a40b-1bd4e1c8a304,strain:ATCC-39021,biolink:subclass_of,NCBITaxon:1718,rdfs:subClassOf,Graph,,bacdive:3087,
urn:uuid:51001c41-a83b-48c0-9bd9-a4bd94c83c12,strain:DSM-20163,biolink:subclass_of,NCBITaxon:1718,rdfs:subClassOf,Graph,,bacdive:3090,
urn:uuid:b0445d8b-a195-4ae4-8a0b-3061ba828cd4,strain:ATCC-13745,biolink:subclass_of,NCBITaxon:1718,rdfs:subClassOf,Graph,,bacdive:3090,
urn:uuid:d063d217-b845-4758-a2e0-3f4fbd447d78,strain:CIP-102670,biolink:subclass_of,NCBITaxon:1718,rdfs:subClassOf,Graph,,bacdive:134879,
urn:uuid:90cdbec8-c344-4fc9-a4c7-08f89f3c9945,strain:DSM-20156,biolink:subclass_of,NCBITaxon:1718,rdfs:subClassOf,Graph,,bacdive:3089,
urn:uuid:f55fae89-7cdc-4ab5-a82d-a008713788ce,strain:ATCC-15354,biolink:subclass_of,NCBITaxon:1718,rdfs:subClassOf,Graph,,bacdive:3089,
urn:uuid:dfc8c2de-25a5-4775-9b8c-8a19dcba14a5,strain:NCIB-10335,biolink:subclass_of,NCBITaxon:1718,rdfs:subClassOf,Graph,,bacdive:3089,
urn:uuid:770816be-5d02-4f5a-a75a-9866a84abc16,NCBITaxon:69666,biolink:has_phenotype,oxygen:aerobe,RO:0002200,Graph,,bacdive:2338,
urn:uuid:cf432180-d9bd-409e-9d23-f469a33f1d5a,NCBITaxon:69666,biolink:associated_with,BSL:1,,Graph,,bacdive:23830,
urn:uuid:20958956-f2d0-4f78-b19d-0e8e2c3070b0,NCBITaxon:69666,biolink:has_phenotype,temperature:mesophilic,RO:0002200,Graph,,bacdive:2338,
urn:uuid:c0faf5ca-d190-48a2-87fe-025d5719f716,NCBITaxon:761193,biolink:associated_with,BSL:1,,Graph,,bacdive:3815,
urn:uuid:796aa756-be6f-4910-94ed-a9e9dcbb101e,NCBITaxon:761193,biolink:has_phenotype,temperature:mesophilic,RO:0002200,Graph,,bacdive:3815,
urn:uuid:22ba8e29-e844-434d-a782-b8406c84e9ff,NCBITaxon:761193,biolink:has_phenotype,cell_shape:bacillus,RO:0002200,Graph,,,
urn:uuid:624aaea0-2229-488b-91f4-cf4a9375e1d9,NCBITaxon:761193,biolink:has_phenotype,oxygen:aerobe,RO:0002215,Graph,,,
urn:uuid:9e84baf3-0f58-437e-8238-92bd320eaa50,NCBITaxon:761193,biolink:has_phenotype,gc:mid1,RO:0002200,Graph,,BactoTraits.csv,
urn:uuid:e8462998-0c5b-4c75-a0ed-64173c668911,NCBITaxon:393006,biolink:has_phenotype,oxygen:aerobe,RO:0002200|RO:0002215,Graph,,bacdive:134226,
urn:uuid:97d48a87-a64f-4d1a-95bf-4588aaaec6eb,NCBITaxon:393006,biolink:capable_of,EC:1.11.1.6,RO:0002215,Graph,,bacdive:134226,
urn:uuid:6f130df3-420d-42a5-974c-258e2ab1e57d,NCBITaxon:393006,biolink:consumes,CHEBI:17632,RO:0000057,Graph,,bacdive:134226,
urn:uuid:bda22e9b-8acf-4b4f-b341-b00ce6dd51ac,NCBITaxon:393006,biolink:consumes,CHEBI:17992,RO:0000057|RO:0002215,Graph,,bacdive:134226,
urn:uuid:b1c8e809-1468-408f-bf73-6917f16fdb59,NCBITaxon:393006,biolink:consumes,CHEBI:17306,RO:0000057|RO:0002215,Graph,,bacdive:134226,
urn:uuid:bf3b53dd-1c0c-4fd0-b408-fcdd8a98ae35,NCBITaxon:393006,biolink:capable_of,pathways:nitrate_reduction,RO:0002215,Graph,,,
urn:uuid:9d878429-bf04-4ca0-ae3b-a9e9e3991fd3,NCBITaxon:393006,biolink:has_phenotype,cell_shape:bacillus,RO:0002200,Graph,,,
urn:uuid:63cb0226-2983-4b02-a99b-e2e14c52944b,strain:DSM-44475,biolink:subclass_of,NCBITaxon:1718,rdfs:subClassOf,Graph,,bacdive:3097,
urn:uuid:bc3c3884-de73-4319-b67d-1320e90ef666,strain:bacdive_3080,biolink:produces,CHEBI:33709,RO:0002215,Graph,,bacdive:3080,
urn:uuid:8e6817b7-53dc-47ca-989b-e0899ad9a873,strain:bacdive_3080,biolink:has_phenotype,temperature:mesophilic,RO:0002200,Graph,,bacdive:3080,
urn:uuid:f2be7158-3a65-4bbc-a484-13ed7c72d54c,strain:bacdive_3080,biolink:has_phenotype,oxygen:aerobe,RO:0002200,Graph,,bacdive:3080,
urn:uuid:dc3c1bd7-5288-4473-9324-08b3ac6e5604,strain:bacdive_3080,biolink:occurs_in,medium:535,BAO:0002924,Graph,,bacdive:3080,
urn:uuid:0ce0b8ed-cb45-4960-8529-6422a0491fa9,strain:bacdive_3080,biolink:consumes,CHEBI:17992,RO:0000057,Graph,,bacdive:3080,
urn:uuid:d995535d-89c2-4eee-9c5b-97044e6474dd,strain:bacdive_3080,biolink:consumes,CHEBI:16199,RO:0000057,Graph,,bacdive:3080,
urn:uuid:054c9996-232b-4cec-97ba-f3b918472e32,strain:bacdive_3080,biolink:consumes,CHEBI:17634,RO:0000057,Graph,,bacdive:3080,
urn:uuid:60d85927-2902-4cfe-8693-9201cd70f81c,strain:bacdive_3080,biolink:capable_of,EC:3.5.1.5,RO:0002215,Graph,,bacdive:3080,
urn:uuid:9fd9c93c-cea4-4dcc-9cf4-8357fe594fbd,strain:bacdive_3080,biolink:capable_of,EC:3.4.11.1,RO:0002215,Graph,,bacdive:3080,
urn:uuid:f06f82cf-c0a0-48be-9a61-b7c795597741,strain:bacdive_140861,biolink:consumes,CHEBI:17634,RO:0000057,Graph,,bacdive:140861,
urn:uuid:2c165102-1eec-4117-a67c-926efdcf649b,strain:bacdive_140861,biolink:consumes,CHEBI:17992,RO:0000057,Graph,,bacdive:140861,
urn:uuid:7f2f889f-9dc9-44d5-a6ad-92296835383e,strain:bacdive_140861,biolink:capable_of,EC:1.11.1.6,RO:0002215,Graph,,bacdive:140861,
urn:uuid:2813bad2-440d-4722-8471-d0e0537ae7de,strain:bacdive_140861,biolink:has_phenotype,oxygen:aerobe,RO:0002200,Graph,,bacdive:140861,
urn:uuid:d3dfe9f4-42d2-4ded-8721-fd571017094c,strain:bacdive_140861,biolink:capable_of,EC:3.5.1.5,RO:0002215,Graph,,bacdive:140861,
urn:uuid:544b6858-adda-4ef2-a4c6-39de98895539,strain:bacdive_140861,biolink:consumes,CHEBI:17632,RO:0000057,Graph,,bacdive:140861,
urn:uuid:693837c3-f2c3-4906-b2c6-85b10421c4ae,strain:bacdive_14301,biolink:has_phenotype,temperature:mesophilic,RO:0002200,Graph,,bacdive:14301,
urn:uuid:33b864c6-a239-4ac0-8e70-3b30d22a6377,strain:DSM-20598,biolink:subclass_of,NCBITaxon:1718,rdfs:subClassOf,Graph,,bacdive:3096,
urn:uuid:08a436cc-9423-4e92-9535-5f7609d47ecf,strain:ATCC-13825,biolink:subclass_of,NCBITaxon:1718,rdfs:subClassOf,Graph,,bacdive:3096,
urn:uuid:bf903d6e-fc63-49d6-b708-b3946ef6c017,strain:CCUG-23601,biolink:subclass_of,NCBITaxon:1718,rdfs:subClassOf,Graph,,bacdive:3096,
urn:uuid:74fc4a9e-d575-432e-bf24-9130b79bd165,NCBITaxon:196627,biolink:occurs_in,medium:535a,BAO:0002924,Graph,,"['bacdive:3092', 'bacdive:3092']",
urn:uuid:0bd85def-891c-4f0b-ac45-570b9610dfa7,NCBITaxon:196627,biolink:consumes,CHEBI:17306,RO:0000057,Graph,,bacdive:3092,
urn:uuid:8812d5a7-38cd-448f-8705-008a86dc3b52,NCBITaxon:196627,biolink:has_phenotype,temperature:mesophilic,RO:0002200,Graph,,bacdive:3092,
urn:uuid:d659551c-75e1-423e-a896-b804871e5b9f,NCBITaxon:196627,biolink:associated_with,BSL:1,,Graph,,bacdive:3092,
urn:uuid:4c422fa5-56d8-44ed-a4d4-87751d14308a,NCBITaxon:196627,biolink:produces,CHEBI:33709,RO:0002215,Graph,,bacdive:3092,
urn:uuid:330c6c67-2461-45f6-88a7-826fb5586384,NCBITaxon:196627,biolink:capable_of,EC:3.5.1.B15,RO:0002215,Graph,,bacdive:3092,
urn:uuid:ffdb01aa-a239-45aa-91d8-01efceb8301d,NCBITaxon:196627,biolink:consumes,CHEBI:17634,RO:0000057,Graph,,bacdive:3092,
urn:uuid:8a934278-65b4-44ca-8acf-e1bfdc3a0f71,NCBITaxon:196627,biolink:produces,CHEBI:29985,RO:0002215,Graph,,bacdive:3092,
urn:uuid:5efb0997-198a-49c7-883f-bc8ad2457662,NCBITaxon:196627,biolink:consumes,CHEBI:17992,RO:0000057,Graph,,bacdive:3092,
urn:uuid:88ea634e-577f-4145-bf2c-8fecfa301328,NCBITaxon:196627,biolink:occurs_in,medium:535,BAO:0002924,Graph,,"['bacdive:3092', 'bacdive:3092']",
urn:uuid:3d808f12-1ee1-4eb9-ab68-f27d809840de,NCBITaxon:196627,biolink:capable_of,EC:3.4.11.1,RO:0002215,Graph,,bacdive:3092,
urn:uuid:f632eabb-e691-4ac1-bc0c-05cc1c5d95a4,NCBITaxon:196627,biolink:consumes,CHEBI:17632,RO:0000057,Graph,,bacdive:3092,
urn:uuid:a489cf40-1836-48a5-8330-1aa8ed1e9dfb,NCBITaxon:196627,biolink:consumes,CHEBI:16199,RO:0000057,Graph,,bacdive:3092,
urn:uuid:9bb96c0e-a2db-4499-b267-3ec7129f8ece,NCBITaxon:196627,biolink:capable_of,EC:3.5.1.5,RO:0002215,Graph,,bacdive:3092,
urn:uuid:f1b45af6-5932-4fd7-bb70-e00ddbdc5516,NCBITaxon:196627,biolink:subclass_of,NCBITaxon:1718,rdfs:subClassOf,Graph,,,
urn:uuid:43c5be61-b5de-4230-b622-bf284571ffb3,NCBITaxon:196627,biolink:occurs_in,medium:J26,BAO:0002924,Graph,,bacdive:3092,
urn:uuid:c1ab43e9-d659-42ec-9123-59d131087464,NCBITaxon:196627,biolink:has_phenotype,cell_shape:bacillus,RO:0002200,Graph,,,
urn:uuid:e6b7cc7e-a1fd-4a84-8af7-b84402047567,NCBITaxon:196627,biolink:has_phenotype,oxygen:facultative_anaerobe,RO:0002215,Graph,,,
urn:uuid:01aded2f-fc86-47f4-bb62-8ffb82e50271,NCBITaxon:196627,biolink:has_phenotype,gc:mid1,RO:0002200,Graph,,BactoTraits.csv,
urn:uuid:e65e05d7-8889-42e0-a48c-eafd568c31b0,NCBITaxon:580033,biolink:capable_of,EC:1.11.1.6,RO:0002215,Graph,,bacdive:155372,
urn:uuid:f6df2281-e28d-4a9d-801d-5e6aed7b364f,NCBITaxon:580033,biolink:has_phenotype,temperature:mesophilic,RO:0002200,Graph,,bacdive:155372,
urn:uuid:dab59735-6614-4063-b737-a2c12a0ce4fd,NCBITaxon:580033,biolink:has_phenotype,cell_shape:bacillus,RO:0002200,Graph,,,
urn:uuid:5a9d9794-8e76-4182-8311-708e23aecfc6,strain:bacdive_5705,biolink:has_phenotype,temperature:mesophilic,RO:0002200,Graph,,bacdive:5705,
urn:uuid:0e45cefe-81dc-4e1a-a8cc-c8c0951f9104,strain:bacdive_5705,biolink:capable_of,EC:1.11.1.6,RO:0002215,Graph,,bacdive:5705,
urn:uuid:bd5b34d1-d3e0-43db-8f08-e5e33d4abd63,strain:bacdive_5705,biolink:consumes,CHEBI:17306,RO:0000057,Graph,,bacdive:5705,
urn:uuid:d3803091-dea1-4087-b448-9fc77b6d4da1,strain:bacdive_5705,biolink:has_phenotype,oxygen:aerobe,RO:0002200,Graph,,bacdive:5705,
urn:uuid:ca4f4399-c409-4f54-b0b3-8f452e670d82,NCBITaxon:229204,biolink:associated_with,BSL:1,,Graph,,bacdive:5537,
urn:uuid:fb5e915c-5d0c-43af-9f16-5939674a1b9d,NCBITaxon:229204,biolink:capable_of,EC:1.11.1.6,RO:0002215,Graph,,bacdive:5537,
urn:uuid:90c70cc3-b184-4d65-8629-7da5980a9503,NCBITaxon:229204,biolink:capable_of,pathways:nitrate_reduction,RO:0002215,Graph,,,
urn:uuid:4263a24f-a423-42dd-93b2-616ae0ffab6d,NCBITaxon:229204,biolink:consumes,CHEBI:17306,RO:0002215,Graph,,,
urn:uuid:b6bf3d7e-a8a1-4725-91ff-f8161082440f,NCBITaxon:229204,biolink:has_phenotype,cell_shape:bacillus,RO:0002200,Graph,,,
urn:uuid:52e92adb-2784-4ffc-8492-5c1aa1d61da0,NCBITaxon:229204,biolink:has_phenotype,oxygen:aerobe,RO:0002215,Graph,,,
urn:uuid:47d685d5-47d1-4eac-9642-b4ddb68928da,strain:bacdive_12522,biolink:consumes,CHEBI:29985,RO:0000057,Graph,,bacdive:12522,
urn:uuid:02de186e-9abb-416c-87d1-039551371177,strain:bacdive_12522,biolink:has_phenotype,temperature:mesophilic,RO:0002200,Graph,,bacdive:12522,
urn:uuid:cb803f58-f25a-4eff-acc8-9a42beeadd56,strain:bacdive_12522,biolink:occurs_in,medium:693,BAO:0002924,Graph,,bacdive:12522,
urn:uuid:c30bd077-3e20-4e95-9728-5a3d1513680c,strain:bacdive_12522,biolink:capable_of,EC:3.4.11.1,RO:0002215,Graph,,bacdive:12522,
urn:uuid:4576e4b1-45c4-4556-a800-29c62ca69ccc,strain:IMET-07015,biolink:subclass_of,NCBITaxon:1718,rdfs:subClassOf,Graph,,bacdive:103171,
urn:uuid:f59d6d67-1187-4f43-8584-3d74f85598e9,strain:IMET-7015,biolink:subclass_of,NCBITaxon:1718,rdfs:subClassOf,Graph,,bacdive:103171,
urn:uuid:22a9da80-d477-4452-84a2-2f8ae7339e94,NCBITaxon:2164084,biolink:consumes,CHEBI:16988,RO:0000057,Graph,,bacdive:158666,
urn:uuid:a60bbd86-3e41-44a6-8941-aeb7877a65a0,NCBITaxon:2164084,biolink:has_phenotype,oxygen:aerobe,RO:0002200,Graph,,bacdive:158666,
urn:uuid:7ff996e3-d276-42c9-9d78-b11774f016df,NCBITaxon:374858,biolink:has_phenotype,temperature:mesophilic,RO:0002200,Graph,,bacdive:23245,
urn:uuid:6a4495d9-ac27-4703-8b94-b78ce0adcaf1,NCBITaxon:374858,biolink:capable_of,EC:1.11.1.6,RO:0002215,Graph,,bacdive:13924,
urn:uuid:97bbec05-aa59-43d8-9812-fee2cc3e337d,NCBITaxon:374858,biolink:associated_with,BSL:1,,Graph,,bacdive:23245,
urn:uuid:50aa684f-5e14-4175-a218-2d923694f086,NCBITaxon:374858,biolink:consumes,CHEBI:17632,RO:0000057,Graph,,bacdive:13924,
urn:uuid:5225e371-8205-4b38-88bc-70739e0ef007,NCBITaxon:374858,biolink:has_phenotype,oxygen:aerobe,RO:0002200,Graph,,bacdive:13924,
urn:uuid:2978b981-2267-4411-8d3b-30848179c1cb,NCBITaxon:374858,biolink:has_phenotype,cell_shape:bacillus,RO:0002200,Graph,,,
urn:uuid:ba33e52b-b840-4954-91d8-50d59625f572,NCBITaxon:374858,biolink:has_phenotype,oxygen:facultative_anaerobe,RO:0002215,Graph,,,
urn:uuid:a55c6803-068d-4d47-ae32-d74bdf3f91ac,NCBITaxon:374858,biolink:capable_of,pathways:nitrate_reduction,RO:0002215,Graph,,,
urn:uuid:4b737db1-bd04-4e53-a90a-3e8e1ed9f3ed,strain:bacdive_13916,biolink:has_phenotype,oxygen:aerobe,RO:0002200,Graph,,bacdive:13916,
urn:uuid:bd85f328-35d5-45de-b398-fe0226b78b5d,strain:bacdive_13916,biolink:has_phenotype,temperature:mesophilic,RO:0002200,Graph,,bacdive:13916,
urn:uuid:4f3e0016-2da6-4023-8400-bd1023c6fa4a,strain:bacdive_10176,biolink:has_phenotype,temperature:mesophilic,RO:0002200,Graph,,bacdive:10176,
urn:uuid:78901b9c-7456-4c04-9b70-08c5c2683a8f,NCBITaxon:56426,biolink:has_phenotype,temperature:mesophilic,RO:0002200,Graph,,bacdive:138096,
urn:uuid:335c7557-7579-4cc7-a134-90a7f1b06ffd,NCBITaxon:56426,biolink:has_phenotype,cell_shape:bacillus,RO:0002200,Graph,,,
urn:uuid:a49d6793-03f3-42af-beb5-f358ccf4badb,NCBITaxon:1550566,biolink:associated_with,BSL:1,,Graph,,bacdive:131352,
urn:uuid:f53e9b93-660d-4ba1-9b73-0f441b406a3e,NCBITaxon:1550566,biolink:has_phenotype,temperature:mesophilic,RO:0002200,Graph,,bacdive:131352,
urn:uuid:bd1f3935-5046-4bbb-ab06-3513f8af83c3,NCBITaxon:1476466,biolink:capable_of,EC:1.11.1.6,RO:0002215,Graph,,bacdive:140743,
urn:uuid:d3e4a172-9ca4-4baa-b12b-d906a9d857fc,NCBITaxon:1476466,biolink:has_phenotype,oxygen:aerobe,RO:0002200,Graph,,bacdive:140743,
urn:uuid:c2cf7322-5949-4f8d-98a0-78e737ac4152,NCBITaxon:1476466,biolink:consumes,CHEBI:17632,RO:0000057,Graph,,bacdive:140743,
urn:uuid:a7d3b34b-b87a-4913-a2be-7749b408e390,NCBITaxon:1476466,biolink:consumes,CHEBI:16024,RO:0000057,Graph,,bacdive:140743,
urn:uuid:d6808ba1-7920-488c-9e3b-170a5fa9bec0,strain:DSM-102071,biolink:subclass_of,NCBITaxon:1718,rdfs:subClassOf,Graph,,bacdive:130936,
urn:uuid:4c5e02fb-c28f-4c33-8677-2eee2b9f851c,NCBITaxon:285563,biolink:capable_of,EC:3.5.3.6,RO:0002215,Graph,,bacdive:16205,
urn:uuid:a31bc8af-a7d7-47e3-a715-96c8a19b9f82,NCBITaxon:285563,biolink:associated_with,BSL:1,,Graph,,bacdive:16205,
urn:uuid:bff71784-5a62-427c-a98e-248d5da2037b,NCBITaxon:285563,biolink:consumes,CHEBI:29016,RO:0000057,Graph,,bacdive:16205,
urn:uuid:0c2978ee-a201-45ad-b8ad-eedffb6fa221,NCBITaxon:285563,biolink:has_phenotype,temperature:mesophilic,RO:0002200,Graph,,bacdive:16205,
urn:uuid:242f6f07-1e28-4e30-9f6d-2984962942ca,NCBITaxon:285563,biolink:capable_of,EC:3.5.1.5,RO:0002215,Graph,,bacdive:16205,
urn:uuid:327aa544-afd2-4046-8d9e-23cf284045e4,NCBITaxon:285563,biolink:consumes,CHEBI:17992,RO:0000057,Graph,,bacdive:16205,
urn:uuid:517fd2e7-e1a1-4735-9648-2f21102f10a3,NCBITaxon:285563,biolink:consumes,CHEBI:16199,RO:0000057,Graph,,bacdive:16205,
urn:uuid:f61e3e14-6e8f-4dbf-a117-734b1c20042b,NCBITaxon:1129133,biolink:consumes,CHEBI:17306,RO:0000057|RO:0002215,Graph,,bacdive:23284,
urn:uuid:e5a99fab-4333-4002-8dbb-e3c3d30debf1,NCBITaxon:1129133,biolink:capable_of,EC:1.11.1.6,RO:0002215,Graph,,bacdive:23284,
urn:uuid:0379167b-1ead-426b-a698-15fc4e48ab58,NCBITaxon:1129133,biolink:has_phenotype,oxygen:aerobe,RO:0002200,Graph,,bacdive:23284,
urn:uuid:25d50c90-cc08-4374-84d8-a4fe6c71c86b,NCBITaxon:1129133,biolink:has_phenotype,temperature:mesophilic,RO:0002200,Graph,,bacdive:23284,
urn:uuid:6fb02a70-ac5c-4c86-9386-746411a7dae7,NCBITaxon:1129133,biolink:occurs_in,medium:535,BAO:0002924,Graph,,"['bacdive:23284', 'bacdive:23284']",
urn:uuid:0f345fc4-325c-462d-a452-1a38de7be3f5,NCBITaxon:1129133,biolink:associated_with,BSL:1,,Graph,,bacdive:23284,
urn:uuid:4eb3d34e-11b6-4762-9845-e966d48faec3,NCBITaxon:1129133,biolink:consumes,CHEBI:16024,RO:0000057,Graph,,bacdive:23284,
urn:uuid:42589762-af43-4ff1-98c3-5d35e726cd27,NCBITaxon:1129133,biolink:consumes,CHEBI:17634,RO:0000057,Graph,,bacdive:23284,
urn:uuid:6902004e-628c-48fb-9e76-0a3a2147fe95,NCBITaxon:1129133,biolink:has_phenotype,cell_shape:bacillus,RO:0002200,Graph,,,
urn:uuid:a94b871d-860e-48f5-8cf0-8a7acdeb4c90,NCBITaxon:110937,biolink:has_phenotype,temperature:mesophilic,RO:0002200,Graph,,bacdive:23105,
urn:uuid:08e615b8-fe59-4fdf-85fb-58fc465d37aa,NCBITaxon:110937,biolink:associated_with,BSL:1,,Graph,,bacdive:23105,
urn:uuid:8b7f7f17-1a9c-4781-8132-c6aedc7f2284,NCBITaxon:110937,biolink:has_phenotype,oxygen:aerobe,RO:0002215,Graph,,,
urn:uuid:ef6b6357-9037-4d75-99a5-e03f2a4cbb21,NCBITaxon:1526571,biolink:consumes,CHEBI:17634,RO:0000057,Graph,,bacdive:141137,
urn:uuid:57c7d4f6-4c5c-47d5-9185-b413414e4930,NCBITaxon:1526571,biolink:capable_of,EC:1.11.1.6,RO:0002215,Graph,,bacdive:141137,
urn:uuid:81f96340-0c4b-4e02-bf56-bda2eb3ed19e,NCBITaxon:1526571,biolink:capable_of,EC:3.4.11.1,RO:0002215,Graph,,bacdive:141137,
urn:uuid:1b4892f3-f9e7-4ffd-938d-b92eeede51ce,NCBITaxon:1526571,biolink:consumes,CHEBI:17992,RO:0000057,Graph,,bacdive:141137,
urn:uuid:e33d2f0d-02b0-4230-8aec-7857f24c2302,NCBITaxon:1526571,biolink:consumes,CHEBI:17632,RO:0000057,Graph,,bacdive:141137,
urn:uuid:9579f270-d906-4bfb-8f71-d3c20e170f06,NCBITaxon:1526571,biolink:has_phenotype,oxygen:facultative_anaerobe,RO:0002215,Graph,,,
urn:uuid:7fcbbec7-d5cb-4b38-8a00-fd812dd7001c,NCBITaxon:198347,biolink:associated_with,BSL:1,,Graph,,bacdive:2828,
urn:uuid:9e860c3f-7b13-4ccb-b62d-fe94a55cc968,NCBITaxon:490093,biolink:has_phenotype,oxygen:aerobe,RO:0002200,Graph,,bacdive:134080,
urn:uuid:2113aeb0-b759-4fd3-8376-9bc50ee361c1,NCBITaxon:490093,biolink:consumes,CHEBI:17306,RO:0000057|RO:0002215,Graph,,bacdive:134080,
urn:uuid:0e4183a0-ec96-4cc9-9972-e88f7466f78a,NCBITaxon:490093,biolink:consumes,CHEBI:17992,RO:0000057|RO:0002215,Graph,,bacdive:134080,
urn:uuid:09d91279-c8ee-456f-80b1-e75e90d2861d,NCBITaxon:490093,biolink:has_phenotype,cell_shape:bacillus,RO:0002200,Graph,,,
urn:uuid:235c6dcb-ebda-40b5-9bf6-95aeb7b06560,strain:bacdive_1768,biolink:consumes,CHEBI:29985,RO:0000057,Graph,,bacdive:1768,
urn:uuid:ae435162-a250-443a-8664-8756448017ad,strain:bacdive_1768,biolink:has_phenotype,temperature:mesophilic,RO:0002200,Graph,,bacdive:1768,
urn:uuid:c529d768-8241-4a6a-b2d5-0dd10d4168aa,strain:bacdive_1768,biolink:capable_of,EC:3.4.11.1,RO:0002215,Graph,,bacdive:1768,
urn:uuid:977670a5-1b02-4b5b-8862-3a13e5bceccc,strain:bacdive_14263,biolink:has_phenotype,oxygen:aerobe,RO:0002200,Graph,,bacdive:14263,
urn:uuid:2d7ef04b-97d9-4bd1-ac1a-afa1f8f147d1,strain:bacdive_14263,biolink:capable_of,EC:1.11.1.6,RO:0002215,Graph,,bacdive:14263,
urn:uuid:8ed2c229-ee6f-44cd-87f7-e3e8c176b4e1,strain:bacdive_14263,biolink:consumes,CHEBI:17634,RO:0000057,Graph,,bacdive:14263,
urn:uuid:cfd7e7ba-2e04-406e-aa8d-550cbbf7daa7,strain:bacdive_14263,biolink:consumes,CHEBI:17306,RO:0000057,Graph,,bacdive:14263,
urn:uuid:a5add8a8-4c16-4299-89e5-27811739d636,strain:bacdive_14263,biolink:consumes,CHEBI:16024,RO:0000057,Graph,,bacdive:14263,
urn:uuid:96ae8306-1d82-4fa1-b17b-c15907cfc84c,strain:bacdive_14263,biolink:consumes,CHEBI:24265,RO:0000057,Graph,,bacdive:14263,
urn:uuid:a65fcbce-c1d1-480d-9188-09cc8b6c040b,NCBITaxon:1079988,biolink:produces,CHEBI:29985,RO:0002215,Graph,,bacdive:3094,
urn:uuid:5329b094-75f4-4975-8eb0-cdf21f567cd1,NCBITaxon:1079988,biolink:capable_of,EC:3.5.1.5,RO:0002215,Graph,,bacdive:3094,
urn:uuid:69c08f0f-b347-459c-881b-65473a9a2f73,NCBITaxon:1079988,biolink:consumes,CHEBI:24265,RO:0000057,Graph,,bacdive:3094,
urn:uuid:784732b3-ce95-4e30-ab9c-a8c0d264e008,NCBITaxon:1079988,biolink:consumes,CHEBI:17306,RO:0000057,Graph,,bacdive:3094,
urn:uuid:ee50bc77-cd9a-476a-8cef-924ca1752f36,NCBITaxon:1079988,biolink:produces,CHEBI:33709,RO:0002215,Graph,,bacdive:3094,
urn:uuid:a6d5acc6-b881-4d64-a602-9ae83a6a527a,NCBITaxon:1079988,biolink:has_phenotype,temperature:mesophilic,RO:0002200,Graph,,bacdive:3094,
urn:uuid:4544e002-5778-413d-8c07-e6e75642b851,NCBITaxon:1079988,biolink:consumes,CHEBI:16024,RO:0000057,Graph,,bacdive:3094,
urn:uuid:22a0aaa2-e8cf-40b6-b5cd-2e7d107d9589,NCBITaxon:1079988,biolink:occurs_in,medium:535a,BAO:0002924,Graph,,"['bacdive:3094', 'bacdive:3094']",
urn:uuid:196b3813-498a-42fa-9699-ad5e72b81cf7,NCBITaxon:1079988,biolink:occurs_in,medium:693,BAO:0002924,Graph,,"['bacdive:3094', 'bacdive:3094']",
urn:uuid:a625b6d8-7a2d-4c8f-90ad-f3dc4a8865d8,NCBITaxon:1079988,biolink:associated_with,BSL:1,,Graph,,bacdive:3094,
urn:uuid:6842295e-c954-457e-94f6-9ad848f67d29,NCBITaxon:1079988,biolink:consumes,CHEBI:17632,RO:0000057,Graph,,bacdive:3094,
urn:uuid:ad9950d9-f277-479f-aee0-01eca83cab12,NCBITaxon:1079988,biolink:capable_of,EC:3.4.11.1,RO:0002215,Graph,,bacdive:3094,
urn:uuid:d35f1d9b-f5b0-4380-9160-77d8c102908e,NCBITaxon:1079988,biolink:consumes,CHEBI:16199,RO:0000057,Graph,,bacdive:3094,
urn:uuid:b7fb9440-4d5b-4d55-a600-decbb0c515e1,NCBITaxon:1079988,biolink:consumes,CHEBI:17634,RO:0000057,Graph,,bacdive:3094,
urn:uuid:77f9afd4-9f93-4417-8077-d04e24e88078,NCBITaxon:1079988,biolink:subclass_of,NCBITaxon:1718,rdfs:subClassOf,Graph,,,
urn:uuid:2afa9792-d006-450a-985f-e9af0e58a3dd,NCBITaxon:1079988,biolink:occurs_in,medium:J475,BAO:0002924,Graph,,bacdive:3094,
urn:uuid:0b24912c-66f1-4cc7-b161-44a2e76a9e7f,NCBITaxon:1079988,biolink:occurs_in,medium:535,BAO:0002924,Graph,,bacdive:3094,
urn:uuid:01fc774f-a352-4748-a939-a14b9a2805f2,NCBITaxon:1079988,biolink:has_phenotype,oxygen:facultative_anaerobe,RO:0002215,Graph,,,
urn:uuid:ac2dda47-22af-4d98-82b0-6aece8fd9ba9,NCBITaxon:1079988,biolink:has_phenotype,cell_shape:bacillus,RO:0002200,Graph,,,
urn:uuid:54f2638a-0d42-454d-9f1e-5900d292cc8f,NCBITaxon:1079988,biolink:has_phenotype,gc:mid1,RO:0002200,Graph,,BactoTraits.csv,
urn:uuid:522e053e-0c3c-458b-bbc2-a58f0dc34978,strain:CCUG-27703,biolink:subclass_of,NCBITaxon:1718,rdfs:subClassOf,Graph,,bacdive:145123,
urn:uuid:78015475-29c8-4874-bce3-13cf41bd9646,strain:ATCC-13059,biolink:subclass_of,NCBITaxon:1718,rdfs:subClassOf,Graph,,bacdive:145123,
urn:uuid:27a869fc-4689-4708-bbab-a1a854b00a13,strain:CCTM-La-3704,biolink:subclass_of,NCBITaxon:1718,rdfs:subClassOf,Graph,,bacdive:145123,
urn:uuid:730cd337-9a0f-475b-8903-9735fbff0a2c,NCBITaxon:945550,biolink:has_phenotype,temperature:mesophilic,RO:0002200,Graph,,bacdive:17345,
urn:uuid:39b496f9-0af1-4dc5-8615-ac7be01cfae5,NCBITaxon:945550,biolink:associated_with,BSL:1,,Graph,,bacdive:17345,
urn:uuid:89c79650-b48d-42ca-83fc-3c0c27301d09,NCBITaxon:945550,biolink:has_phenotype,oxygen:aerobe,RO:0002215,Graph,,,
urn:uuid:73bbdb5a-7109-4096-8175-c0ddf9b99517,strain:bacdive_134347,biolink:consumes,CHEBI:17632,RO:0000057,Graph,,bacdive:134347,
urn:uuid:7ec26aec-4c14-4770-a968-6315aac17b51,strain:bacdive_134347,biolink:consumes,CHEBI:17306,RO:0000057,Graph,,bacdive:134347,
urn:uuid:86afd099-53da-49bc-a8dc-be900ad92027,strain:bacdive_134347,biolink:consumes,CHEBI:24265,RO:0000057,Graph,,bacdive:134347,
urn:uuid:cc21af81-949c-42ad-bc62-97abc8af0dd5,strain:bacdive_134347,biolink:capable_of,EC:3.5.1.5,RO:0002215,Graph,,bacdive:134347,
urn:uuid:cb36bd7f-834d-4d28-a42d-642893c5a635,strain:bacdive_134347,biolink:capable_of,EC:1.11.1.6,RO:0002215,Graph,,bacdive:134347,
urn:uuid:57d30a72-25ae-4b59-ba1a-425b7cf6300a,strain:bacdive_134347,biolink:consumes,CHEBI:17992,RO:0000057,Graph,,bacdive:134347,
urn:uuid:83a6900e-5848-4dd3-ab18-f0237700b337,strain:bacdive_134347,biolink:has_phenotype,oxygen:aerobe,RO:0002200,Graph,,bacdive:134347,
urn:uuid:28dbc40c-84ca-4e0b-8383-7103da489ccc,strain:bacdive_24170,biolink:has_phenotype,temperature:mesophilic,RO:0002200,Graph,,bacdive:24170,
urn:uuid:cfca4a2e-eacd-4b87-b966-313b236b596a,strain:DSM-5426,biolink:subclass_of,NCBITaxon:1718,rdfs:subClassOf,Graph,,bacdive:160018,
urn:uuid:70a2875f-cf23-4840-9c1b-531f1ba4cfbd,strain:ATCC-21668,biolink:subclass_of,NCBITaxon:1718,rdfs:subClassOf,Graph,,bacdive:160018,
urn:uuid:f8a09ebc-c682-476f-a034-10964786bef8,strain:KY-10407,biolink:subclass_of,NCBITaxon:1718,rdfs:subClassOf,Graph,,bacdive:160018,
urn:uuid:2e5efc70-1acf-47b0-8237-701f0e9cedd3,NCBITaxon:563170,biolink:capable_of,EC:3.5.1.5,RO:0002215,Graph,,bacdive:133514,
urn:uuid:a99abfd4-2025-4af1-9d23-8f3daa8d78b2,NCBITaxon:563170,biolink:has_phenotype,oxygen:aerobe,RO:0002200,Graph,,bacdive:133514,
urn:uuid:ad91b954-c96d-4e36-9739-6bcff6b181cf,NCBITaxon:563170,biolink:capable_of,EC:1.11.1.6,RO:0002215,Graph,,bacdive:133514,
urn:uuid:d3e61303-cbfd-4d7d-813e-9ffb27a3b5d8,NCBITaxon:563170,biolink:has_phenotype,cell_shape:bacillus,RO:0002200,Graph,,,
urn:uuid:8ab5ea38-8eae-466a-9f25-68009d7ce277,NCBITaxon:157227,biolink:associated_with,BSL:1,,Graph,,bacdive:14411,
urn:uuid:589a21d0-7668-4eb2-8676-8ce74bebfdab,NCBITaxon:157227,biolink:has_phenotype,temperature:mesophilic,RO:0002200,Graph,,bacdive:14411,
urn:uuid:4ec4d280-f1c0-4559-a205-6bdc69de1ba5,NCBITaxon:157227,biolink:has_phenotype,oxygen:aerobe,RO:0002215,Graph,,,
urn:uuid:81ca8a1e-03e8-4415-8a1c-85607d2a80ce,strain:CIP-78.11,biolink:subclass_of,NCBITaxon:1718,rdfs:subClassOf,Graph,,bacdive:139053,
urn:uuid:9be641f4-a98c-4438-9f78-53fbf46ff675,strain:bacdive_133744,biolink:has_phenotype,oxygen:aerobe,RO:0002200,Graph,,bacdive:133744,
urn:uuid:7f9ebb03-2e18-46e1-8598-74a2a0c65fb2,strain:bacdive_133744,biolink:consumes,CHEBI:17992,RO:0000057,Graph,,bacdive:133744,
urn:uuid:d5eb405a-b339-41c2-97ac-1044940e2417,strain:bacdive_133744,biolink:capable_of,EC:1.11.1.6,RO:0002215,Graph,,bacdive:133744,
urn:uuid:6cec1ff6-b3f8-4ae0-9b51-92dd1a4c4054,strain:bacdive_12645,biolink:occurs_in,medium:693,BAO:0002924,Graph,,bacdive:12645,
urn:uuid:13e6af92-0ef1-4c65-b3b5-0f6b0778d698,strain:bacdive_12645,biolink:has_phenotype,temperature:mesophilic,RO:0002200,Graph,,bacdive:12645,
urn:uuid:1c56ea82-971e-4cc1-bc1f-405bd27d414b,strain:bacdive_1585,biolink:consumes,CHEBI:16024,RO:0000057,Graph,,bacdive:1585,
urn:uuid:1e3d7a5c-702a-4d9a-82c6-d0318ddd41c3,strain:bacdive_1585,biolink:occurs_in,medium:693,BAO:0002924,Graph,,bacdive:1585,
urn:uuid:f53a11ec-4c83-4bab-8ed8-b4f68ffd38a5,strain:bacdive_1585,biolink:capable_of,EC:1.11.1.6,RO:0002215,Graph,,bacdive:1585,
urn:uuid:6dcc072f-2213-465d-b354-2b96227c2db7,strain:bacdive_1585,biolink:consumes,CHEBI:17306,RO:0000057,Graph,,bacdive:1585,
urn:uuid:8cec5811-3bbf-47a2-8e54-045ae51d4aba,strain:bacdive_1585,biolink:consumes,CHEBI:29985,RO:0000057,Graph,,bacdive:1585,
urn:uuid:1b76cfaa-8ada-45a9-80b9-e4d87c92ddec,strain:bacdive_1585,biolink:has_phenotype,temperature:mesophilic,RO:0002200,Graph,,bacdive:1585,
urn:uuid:125862cf-3e12-43e1-adea-0943110b933a,strain:bacdive_1585,biolink:capable_of,EC:3.4.11.1,RO:0002215,Graph,,bacdive:1585,
urn:uuid:4c108350-4939-4162-ac55-9ada705898e5,strain:bacdive_1585,biolink:consumes,CHEBI:17992,RO:0000057,Graph,,bacdive:1585,
urn:uuid:ba841d49-e1b7-4b84-b033-da292093b179,strain:bacdive_1585,biolink:consumes,CHEBI:17634,RO:0000057,Graph,,bacdive:1585,
urn:uuid:55f9ba9c-3492-40fb-afd5-befb17cbd40d,NCBITaxon:857227,biolink:has_phenotype,oxygen:aerobe,RO:0002200|RO:0002215,Graph,,bacdive:156962,
urn:uuid:0e6e8708-c930-41a3-879b-05bf558f87b0,NCBITaxon:857227,biolink:has_phenotype,temperature:mesophilic,RO:0002200,Graph,,bacdive:156962,
urn:uuid:2246c327-f32f-4440-9db4-77a78bb87f7d,strain:bacdive_166151,biolink:has_phenotype,oxygen:aerobe,RO:0002200,Graph,,bacdive:166151,
urn:uuid:51a6201f-b46d-470c-b6bb-1fa4180a3657,strain:bacdive_166151,biolink:capable_of,EC:3.4.11.1,RO:0002215,Graph,,bacdive:166151,
urn:uuid:ae7c4570-4cf5-4477-8269-31bada3ef63a,NCBITaxon:1075088,biolink:subclass_of,NCBITaxon:1718,rdfs:subClassOf,Graph,,,
urn:uuid:36251461-082b-4935-b860-ecaf8d1ea97e,NCBITaxon:1075088,biolink:has_phenotype,cell_shape:bacillus,RO:0002200,Graph,,,
urn:uuid:1d1aa99b-9336-4bf9-ab6c-333055e6f12c,NCBITaxon:1075088,biolink:has_phenotype,oxygen:facultative_anaerobe,RO:0002215,Graph,,,
urn:uuid:802b69a0-79af-4839-8700-0a50c3c317e3,NCBITaxon:1075088,biolink:has_phenotype,oxygen:aerobe,RO:0002215,Graph,,,
urn:uuid:2d0455d1-8cf7-47a2-99e3-16fc82646191,NCBITaxon:1079753,biolink:has_phenotype,oxygen:aerobe,RO:0002215,Graph,,,
urn:uuid:40dfafcf-8d4b-40f0-9bf9-851487a3731e,NCBITaxon:112140,biolink:has_phenotype,oxygen:aerobe,RO:0002215,Graph,,,
urn:uuid:8a98d13a-c9b2-489b-b3c5-d87c2303ef35,NCBITaxon:1151422,biolink:has_phenotype,cell_shape:bacillus,RO:0002200,Graph,,,
urn:uuid:e2dcdcb4-2bce-4b5f-a7d5-207c92a01bf8,NCBITaxon:1169410,biolink:has_phenotype,oxygen:aerobe,RO:0002215,Graph,,,
urn:uuid:07047ba6-9199-4c6e-ad00-2e3fd95754f3,NCBITaxon:1169410,biolink:has_phenotype,cell_shape:bacillus,RO:0002200,Graph,,,
urn:uuid:1602ed51-28fd-4f16-86e4-b99205583827,NCBITaxon:1169410,biolink:has_phenotype,cell_shape:coccobacillus,RO:0002200,Graph,,,
urn:uuid:ae8a1d88-07a9-472c-9af5-3f6b0a1f4d55,NCBITaxon:1182695,biolink:has_phenotype,cell_shape:bacillus,RO:0002200,Graph,,,
urn:uuid:ac36cb15-19db-40af-85b6-46ab83c12624,NCBITaxon:1198672,biolink:subclass_of,NCBITaxon:1718,rdfs:subClassOf,Graph,,,
urn:uuid:c619f6c8-d3fc-40d0-9a42-ecebcc9fa561,NCBITaxon:1204414,biolink:subclass_of,NCBITaxon:1718,rdfs:subClassOf,Graph,,,
urn:uuid:d7ecd7cc-ae8f-4bb1-a901-282970da32c4,NCBITaxon:1204414,biolink:has_phenotype,cell_shape:bacillus,RO:0002200,Graph,,,
urn:uuid:da1967a0-5d00-47ad-8f18-73e5898c7f78,NCBITaxon:1204414,biolink:has_phenotype,oxygen:facultative_anaerobe,RO:0002215,Graph,,,
urn:uuid:6408f8d7-895a-4e43-ab1a-723e30789579,NCBITaxon:1232381,biolink:subclass_of,NCBITaxon:1718,rdfs:subClassOf,Graph,,,
urn:uuid:65a0170c-841e-4b91-94c2-e71aedbf6540,NCBITaxon:1232382,biolink:subclass_of,NCBITaxon:1718,rdfs:subClassOf,Graph,,,
urn:uuid:8a9ab721-520f-45b6-92eb-4150f97e58ae,NCBITaxon:1232383,biolink:subclass_of,NCBITaxon:1718,rdfs:subClassOf,Graph,,,
urn:uuid:bfa9236b-8806-41f7-8fb6-80a4b0e98fb5,NCBITaxon:1232384,biolink:subclass_of,NCBITaxon:1718,rdfs:subClassOf,Graph,,,
urn:uuid:47fa6e03-12d7-4940-a4a9-3e582357b835,NCBITaxon:1265827,biolink:has_phenotype,cell_shape:bacillus,RO:0002200,Graph,,,
urn:uuid:164f6109-bd60-4833-8054-dab46f05d5b4,NCBITaxon:1281158,biolink:has_phenotype,cell_shape:bacillus,RO:0002200,Graph,,,
urn:uuid:5622668c-caa1-4b1d-9c1f-b83fca323db5,NCBITaxon:1304280,biolink:subclass_of,NCBITaxon:1718,rdfs:subClassOf,Graph,,,
urn:uuid:76429ea4-30b5-4a19-a7b8-16ec8413e687,NCBITaxon:1310161,biolink:subclass_of,NCBITaxon:1718,rdfs:subClassOf,Graph,,,
urn:uuid:6131e142-c331-4578-8100-3a713a12a854,NCBITaxon:1310161,biolink:has_phenotype,oxygen:facultative_anaerobe,RO:0002215,Graph,,,
urn:uuid:a5fd4f95-8e5c-4f81-a803-7aadf0b5af1e,NCBITaxon:1310161,biolink:has_phenotype,cell_shape:bacillus,RO:0002200,Graph,,,
urn:uuid:6611a38e-1d91-4054-b8aa-04387e904260,NCBITaxon:1310164,biolink:subclass_of,NCBITaxon:1718,rdfs:subClassOf,Graph,,,
urn:uuid:1f3808f1-479d-4494-be3a-2e19a3dd8bc8,NCBITaxon:1353261,biolink:has_phenotype,oxygen:aerobe,RO:0002215,Graph,,,
urn:uuid:23b87941-5d5c-46e4-bffe-9c53020024c8,NCBITaxon:1357277,biolink:has_phenotype,oxygen:aerobe,RO:0002215,Graph,,,
urn:uuid:25587019-7f40-4666-b6ae-0e1c189b547e,NCBITaxon:1435373,biolink:has_phenotype,cell_shape:bacillus,RO:0002200,Graph,,,
urn:uuid:1277b7f0-2f62-49d2-be0e-197d40a1de23,NCBITaxon:198252,biolink:has_phenotype,cell_shape:bacillus,RO:0002200,Graph,,,
urn:uuid:0386a09b-27d7-45ad-92fc-e056230145e8,NCBITaxon:301388,biolink:has_phenotype,oxygen:aerobe,RO:0002215,Graph,,,
urn:uuid:8ca08fd0-8944-4dfc-9503-b87b6f7c24fd,NCBITaxon:301388,biolink:has_phenotype,cell_shape:bacillus,RO:0002200,Graph,,,
urn:uuid:11fd7d89-1436-4cdb-9509-3eafd0c6a0a9,NCBITaxon:301388,biolink:consumes,CHEBI:17992,RO:0002215,Graph,,,
urn:uuid:98191132-7ae8-463e-9e8e-b0ae678783ae,NCBITaxon:301388,biolink:has_phenotype,oxygen:facultative_anaerobe,RO:0002215,Graph,,,
urn:uuid:a7a83885-f2fa-49dd-b215-9b741e537542,NCBITaxon:301388,biolink:consumes,CHEBI:17306,RO:0002215,Graph,,,
urn:uuid:d062e337-a855-46c6-984b-881c51b3fb11,NCBITaxon:340322,biolink:subclass_of,NCBITaxon:1718,rdfs:subClassOf,Graph,,,
urn:uuid:33433ebc-58a5-4f18-8cd9-075a9ed81c39,NCBITaxon:340322,biolink:has_phenotype,oxygen:facultative_anaerobe,RO:0002215,Graph,,,
urn:uuid:46545951-4b71-48d0-840e-c1fcd7586e65,NCBITaxon:340322,biolink:has_phenotype,cell_shape:bacillus,RO:0002200,Graph,,,
urn:uuid:c2bc2737-7f90-4eb1-9961-a199e65dd06e,NCBITaxon:418136,biolink:has_phenotype,oxygen:aerobe,RO:0002215,Graph,,,
urn:uuid:7bc30e4a-b61c-470a-b753-c19517f550cb,NCBITaxon:418136,biolink:has_phenotype,cell_shape:bacillus,RO:0002200,Graph,,,
urn:uuid:5feaa411-7ee6-4001-850f-0cf355d6bc15,NCBITaxon:425104,biolink:has_phenotype,oxygen:facultative_anaerobe,RO:0002215,Graph,,,
urn:uuid:e36052e1-43f6-480a-8544-1d42f2d77354,NCBITaxon:425104,biolink:has_phenotype,cell_shape:bacillus,RO:0002200,Graph,,,
urn:uuid:491f797e-46f9-4926-ab24-02652174eccc,NCBITaxon:426117,biolink:has_phenotype,cell_shape:bacillus,RO:0002200,Graph,,,
urn:uuid:5508ac77-1fff-44ae-8c14-6d8c945f7a07,NCBITaxon:426117,biolink:has_phenotype,oxygen:facultative_anaerobe,RO:0002215,Graph,,,
urn:uuid:f288f4f9-e6ab-4906-9770-ead9df4a159d,NCBITaxon:426117,biolink:has_phenotype,oxygen:aerobe,RO:0002215,Graph,,,
urn:uuid:cb9beee7-c370-44c0-87d3-d7e4ea0c1515,NCBITaxon:53461,biolink:has_phenotype,oxygen:aerobe,RO:0002215,Graph,,,
urn:uuid:4812dde3-089f-47df-b4a5-7d5070918a5d,NCBITaxon:565655,biolink:has_phenotype,oxygen:facultative_anaerobe,RO:0002215,Graph,,,
urn:uuid:c4999d83-1223-4804-9269-9c46dce21d9f,NCBITaxon:629268,biolink:has_phenotype,oxygen:aerobe,RO:0002215,Graph,,,
urn:uuid:562cf558-e6c6-4dbc-9414-d2671cc1f3ec,NCBITaxon:629268,biolink:has_phenotype,cell_shape:bacillus,RO:0002200,Graph,,,
urn:uuid:5ae67c6d-7490-4e42-88ff-9880cc3a1fad,NCBITaxon:696865,biolink:has_phenotype,cell_shape:bacillus,RO:0002200,Graph,,,
urn:uuid:cc9abffa-5468-472a-a5a5-5eb15a80f47e,NCBITaxon:696865,biolink:has_phenotype,oxygen:facultative_anaerobe,RO:0002215,Graph,,,
urn:uuid:dcb699c1-0b17-4549-91be-9e5372b40b05,NCBITaxon:702984,biolink:has_phenotype,cell_shape:bacillus,RO:0002200,Graph,,,
urn:uuid:96734fba-111a-426e-82a6-d20fd500199d,NCBITaxon:702984,biolink:has_phenotype,oxygen:facultative_anaerobe,RO:0002215,Graph,,,
urn:uuid:e5d4e797-d541-4799-802c-829b4dc6fa4f,NCBITaxon:74311,biolink:has_phenotype,oxygen:aerobe,RO:0002215,Graph,,,
urn:uuid:7f98c307-94f1-404c-85c9-c6c8fe5a27f6,NCBITaxon:746707,biolink:has_phenotype,cell_shape:bacillus,RO:0002200,Graph,,,
urn:uuid:5f78941b-86e4-484f-97ae-ee028a0b8e63,NCBITaxon:746707,biolink:has_phenotype,oxygen:aerobe,RO:0002215,Graph,,,
urn:uuid:e70e9aaa-807f-419a-86c3-ff778723d890,NCBITaxon:76588,biolink:has_phenotype,oxygen:aerobe,RO:0002215,Graph,,,
urn:uuid:0d5029de-7ed9-4890-9780-67b06a995afb,ENVO:00001998,biolink:location_of,NCBITaxon:68252,RO:0001015,Graph,,,
urn:uuid:f67afadc-3e2e-42ed-bdec-058e2fb88ec1,ENVO:00001998,biolink:location_of,NCBITaxon:160689,RO:0001015,Graph,,,
urn:uuid:e8981b9c-2a09-454e-bef4-db16909c2b02,ENVO:00001998,biolink:location_of,NCBITaxon:1198672,RO:0001015,Graph,,,
urn:uuid:f82008be-cc6e-4a7c-91cf-d9cf1d14af9e,ENVO:00001998,biolink:location_of,NCBITaxon:47479,RO:0001015,Graph,,,
urn:uuid:5a79f85f-7ad1-4409-a986-a5ad99900c6d,ENVO:00001998,biolink:location_of,NCBITaxon:1718,RO:0001015,Graph,,,
urn:uuid:060dea70-8bed-4fe5-9b01-c7545e443376,ENVO:00001998,biolink:location_of,NCBITaxon:394090,RO:0001015,Graph,,,
urn:uuid:b1fcc89b-eb1d-47b9-8551-4ee7243e0bfb,ENVO:00002001,biolink:location_of,NCBITaxon:374858,RO:0001015,Graph,,,
urn:uuid:33e7fa7c-3e57-43fe-ba2c-68ca5f3c2ea0,ENVO:00002001,biolink:location_of,NCBITaxon:1718,RO:0001015,Graph,,,
urn:uuid:ec7a56af-6881-431a-8aec-c820d94bc7ab,ENVO:00002001,biolink:location_of,NCBITaxon:196627,RO:0001015,Graph,,,
urn:uuid:63d07bdc-3574-483e-ab95-1b5b19cdd77d,UBERON:0000468,biolink:location_of,NCBITaxon:565655,RO:0001015,Graph,,,
urn:uuid:9a0e962a-345f-431d-86d8-cbaa128a9dd2,UBERON:0000468,biolink:location_of,NCBITaxon:746707,RO:0001015,Graph,,,
urn:uuid:0c65b30f-ef45-4fa1-a5ff-a4b3bc38ca8a,UBERON:0000468,biolink:location_of,NCBITaxon:1718,RO:0001015,Graph,,,
urn:uuid:374394e6-f22d-4e65-b4a5-38c216c9733a,UBERON:0000468,biolink:location_of,NCBITaxon:1123299,RO:0001015,Graph,,,
urn:uuid:f291114d-74c9-4903-b75f-29d2546c7b86,strain:bacdive_169531,biolink:occurs_in,medium:693,BAO:0002924,Graph,,bacdive:169531,
urn:uuid:5b7d30af-a879-4259-b08a-836e5a67eef3,strain:bacdive_164851,biolink:occurs_in,medium:J22,BAO:0002924,Graph,,bacdive:164851,
urn:uuid:78ec9b3d-70b6-476f-8df7-a2b795a6ac9f,strain:bacdive_165432,biolink:occurs_in,medium:J22,BAO:0002924,Graph,,bacdive:165432,
urn:uuid:be34f857-d4d9-4651-ae5f-e58182ee1d8e,RHEA:12813,biolink:has_participant,CHEBI:29985,RO:0000057,Graph,,,RheaViaPyObo
urn:uuid:182a7d3b-ad9c-4b85-aa31-1cbfa97fdf49,RHEA:25154,biolink:has_input,CHEBI:29985,RO:0002233,Graph,,,RheaViaPyObo
urn:uuid:a3b69605-51ec-4b2c-aa31-821dde8a07a4,RHEA:33795,biolink:has_participant,CHEBI:17992,RO:0000057,Graph,,,RheaViaPyObo
urn:uuid:950f4d33-e89a-4a17-88b1-6b15be1a8295,RHEA:49144,biolink:has_participant,CHEBI:29985,RO:0000057,Graph,,,RheaViaPyObo
urn:uuid:c4f38ca5-4e67-4d11-984e-a46ff60a0f21,RHEA:57928,biolink:has_participant,CHEBI:29985,RO:0000057,Graph,,,RheaViaPyObo
urn:uuid:e91a978e-dce3-4d18-ace5-7992ae253830,NCBITaxon:667585,biolink:has_phenotype,oxygen:aerobe,RO:0002215,Graph,,,
urn:uuid:5585ed9e-a1a8-4a48-bafd-76fced13fdd5,NCBITaxon:667585,biolink:has_phenotype,cell_shape:bacillus,RO:0002200,Graph,,,
